,location,service,price,environment,dish
,Not Mentioned,Positive,Not Mentioned,Not Mentioned,Positive
,Not Mentioned,Positive,Not Mentioned,Not Mentioned,Positive
,Not Mentioned,Not Mentioned,Not Mentioned,Not Mentioned,Positive
,Not Mentioned,Not Mentioned,Negative,Negative,Positive
,Not Mentioned,Positive,Not Mentioned,Not Mentioned,Positive
,Not Mentioned,Negative,Negative,Not Mentioned,Not Mentioned
,Not Mentioned,Not Mentioned,Not Mentioned,Not Mentioned,Positive
,Not Mentioned,Not Mentioned,Not Mentioned,Not Mentioned,Negative
,Not Mentioned,Not Mentioned,Negative,Not Mentioned,Not Mentioned
,Not Mentioned,Not Mentioned,Not Mentioned,Not Mentioned,Negative
,Not Mentioned,Not Mentioned,Not Mentioned,Not Mentioned,Not Mentioned
,Not Mentioned,Positive,Not Mentioned,Positive,Positive
,Not Mentioned,Positive,Not Mentioned,Not Mentioned,Positive
,Not Mentioned,Not Mentioned,Not Mentioned,Not Mentioned,Not Mentioned
,Not Mentioned,Not Mentioned,Not Mentioned,Not Mentioned,Positive
,Not Mentioned,Not Mentioned,Not Mentioned,Not Mentioned,Positive
,Not Mentioned,Negative,Not Mentioned,Not Mentioned,Positive
,Not Mentioned,Not Mentioned,Negative,Not Mentioned,Not Mentioned
,Not Mentioned,Not Mentioned,Not Mentioned,Not Mentioned,Positive
,Not Mentioned,Positive,Not Mentioned,Not Mentioned,Positive
,Not Mentioned,Negative,Not Mentioned,Not Mentioned,Not Mentioned
,Not Mentioned,Positive,Not Mentioned,Not Mentioned,Positive
,Not Mentioned,Not Mentioned,Not Mentioned,Not Mentioned,Positive
,Not Mentioned,Positive,Neutral,Positive,Positive
,Not Mentioned,Negative,Negative,Not Mentioned,Not Mentioned
,Not Mentioned,Not Mentioned,Positive,Not Mentioned,Positive
,Not Mentioned,Not Mentioned,Not Mentioned,Not Mentioned,Positive
,Not Mentioned,Not Mentioned,Not Mentioned,Not Mentioned,Positive
,Not Mentioned,Not Mentioned,Not Mentioned,Not Mentioned,Positive
,Not Mentioned,Positive,Not Mentioned,Positive,Positive
,Not Mentioned,Not Mentioned,Neutral,Not Mentioned,Positive
,Not Mentioned,Not Mentioned,Neutral,Not Mentioned,Positive
,Not Mentioned,Positive,Not Mentioned,Not Mentioned,Positive
,Not Mentioned,Positive,Not Mentioned,Not Mentioned,Not Mentioned
,Not Mentioned,Positive,Not Mentioned,Not Mentioned,Not Mentioned
,Not Mentioned,Not Mentioned,Not Mentioned,Not Mentioned,Positive
,Not Mentioned,Not Mentioned,Not Mentioned,Negative,Negative
,Not Mentioned,Not Mentioned,Not Mentioned,Not Mentioned,Positive
,Not Mentioned,Not Mentioned,Negative,Not Mentioned,Positive
,Not Mentioned,Not Mentioned,Positive,Not Mentioned,Neutral
,Not Mentioned,Not Mentioned,Positive,Not Mentioned,Positive
,Not Mentioned,Not Mentioned,Not Mentioned,Not Mentioned,Not Mentioned
,Not Mentioned,Not Mentioned,Not Mentioned,Not Mentioned,Not Mentioned
,Not Mentioned,Not Mentioned,Not Mentioned,Not Mentioned,Neutral
,Not Mentioned,Not Mentioned,Not Mentioned,Not Mentioned,Positive
,Not Mentioned,Not Mentioned,Not Mentioned,Not Mentioned,Positive
,Not Mentioned,Not Mentioned,Not Mentioned,Not Mentioned,Not Mentioned
,Not Mentioned,Not Mentioned,Not Mentioned,Not Mentioned,Positive
,Not Mentioned,Not Mentioned,Negative,Not Mentioned,Not Mentioned
,Not Mentioned,Not Mentioned,Not Mentioned,Not Mentioned,Positive
,Negative,Positive,Negative,Positive,Positive
,Not Mentioned,Positive,Not Mentioned,Positive,Positive
,Not Mentioned,Not Mentioned,Not Mentioned,Not Mentioned,Positive
,Not Mentioned,Not Mentioned,Not Mentioned,Not Mentioned,Negative
,Not Mentioned,Not Mentioned,Neutral,Not Mentioned,Neutral
,Not Mentioned,Not Mentioned,Not Mentioned,Positive,Positive
,Positive,Positive,Negative,Positive,Positive
,Not Mentioned,Positive,Not Mentioned,Not Mentioned,Positive
,Not Mentioned,Not Mentioned,Not Mentioned,Not Mentioned,Positive
,Not Mentioned,Positive,Not Mentioned,Not Mentioned,Not Mentioned
,Not Mentioned,Not Mentioned,Positive,Not Mentioned,Not Mentioned
,Not Mentioned,Not Mentioned,Not Mentioned,Not Mentioned,Positive
,Not Mentioned,Not Mentioned,Not Mentioned,Not Mentioned,Positive
,Not Mentioned,Not Mentioned,Not Mentioned,Not Mentioned,Positive
,Not Mentioned,Positive,Not Mentioned,Positive,Positive
,Not Mentioned,Positive,Not Mentioned,Not Mentioned,Neutral
,Not Mentioned,Neutral,Not Mentioned,Negative,Positive
,Not Mentioned,Not Mentioned,Not Mentioned,Not Mentioned,Positive
,Not Mentioned,Not Mentioned,Not Mentioned,Not Mentioned,Positive
,Not Mentioned,Positive,Neutral,Not Mentioned,Not Mentioned
,Not Mentioned,Not Mentioned,Not Mentioned,Not Mentioned,Not Mentioned
,Not Mentioned,Not Mentioned,Not Mentioned,Not Mentioned,Not Mentioned
,Not Mentioned,Not Mentioned,Not Mentioned,Positive,Positive
,Not Mentioned,Not Mentioned,Positive,Positive,Not Mentioned
,Not Mentioned,Neutral,Not Mentioned,Not Mentioned,Positive
,Not Mentioned,Positive,Not Mentioned,Positive,Positive
,Not Mentioned,Not Mentioned,Not Mentioned,Not Mentioned,Not Mentioned
,Not Mentioned,Not Mentioned,Not Mentioned,Not Mentioned,Positive
,Not Mentioned,Not Mentioned,Not Mentioned,Not Mentioned,Neutral
,Not Mentioned,Not Mentioned,Not Mentioned,Not Mentioned,Positive
,Not Mentioned,Positive,Not Mentioned,Not Mentioned,Neutral
,Not Mentioned,Not Mentioned,Negative,Not Mentioned,Neutral
,Not Mentioned,Neutral,Negative,Not Mentioned,Not Mentioned
,Not Mentioned,Positive,Not Mentioned,Not Mentioned,Positive
,Not Mentioned,Not Mentioned,Not Mentioned,Not Mentioned,Positive
,Not Mentioned,Positive,Not Mentioned,Not Mentioned,Positive
,Not Mentioned,Not Mentioned,Not Mentioned,Not Mentioned,Positive
,Not Mentioned,Positive,Not Mentioned,Positive,Positive
,Not Mentioned,Not Mentioned,Positive,Not Mentioned,Not Mentioned
,Not Mentioned,Not Mentioned,Not Mentioned,Not Mentioned,Neutral
,Not Mentioned,Positive,Not Mentioned,Not Mentioned,Positive
,Not Mentioned,Not Mentioned,Positive,Not Mentioned,Positive
,Not Mentioned,Not Mentioned,Not Mentioned,Not Mentioned,Not Mentioned
,Not Mentioned,Positive,Not Mentioned,Positive,Not Mentioned
,Not Mentioned,Neutral,Not Mentioned,Not Mentioned,Positive
,Not Mentioned,Positive,Not Mentioned,Not Mentioned,Positive
,Not Mentioned,Positive,Neutral,Positive,Positive
,Not Mentioned,Not Mentioned,Not Mentioned,Positive,Not Mentioned
,Not Mentioned,Not Mentioned,Not Mentioned,Negative,Not Mentioned
,Not Mentioned,Negative,Negative,Not Mentioned,Neutral
,Not Mentioned,Not Mentioned,Not Mentioned,Not Mentioned,Positive
,Not Mentioned,Positive,Neutral,Positive,Positive
,Not Mentioned,Positive,Not Mentioned,Not Mentioned,Positive
,Not Mentioned,Positive,Not Mentioned,Not Mentioned,Not Mentioned
,Not Mentioned,Not Mentioned,Not Mentioned,Not Mentioned,Positive
,Not Mentioned,Not Mentioned,Not Mentioned,Not Mentioned,Positive
,Not Mentioned,Not Mentioned,Not Mentioned,Not Mentioned,Positive
,Not Mentioned,Not Mentioned,Not Mentioned,Not Mentioned,Positive
,Not Mentioned,Negative,Not Mentioned,Not Mentioned,Positive
,Not Mentioned,Positive,Not Mentioned,Not Mentioned,Not Mentioned
,Not Mentioned,Not Mentioned,Not Mentioned,Not Mentioned,Not Mentioned
,Not Mentioned,Not Mentioned,Not Mentioned,Not Mentioned,Not Mentioned
,Not Mentioned,Not Mentioned,Not Mentioned,Not Mentioned,Positive
,Not Mentioned,Positive,Not Mentioned,Not Mentioned,Positive
,Not Mentioned,Not Mentioned,Not Mentioned,Not Mentioned,Negative
,Not Mentioned,Not Mentioned,Not Mentioned,Not Mentioned,Positive
,Not Mentioned,Not Mentioned,Negative,Not Mentioned,Positive
,Not Mentioned,Positive,Neutral,Positive,Positive
,Not Mentioned,Positive,Not Mentioned,Not Mentioned,Positive
,Not Mentioned,Not Mentioned,Not Mentioned,Not Mentioned,Positive
,Not Mentioned,Not Mentioned,Negative,Not Mentioned,Positive
,Not Mentioned,Positive,Not Mentioned,Not Mentioned,Neutral
,Not Mentioned,Not Mentioned,Not Mentioned,Positive,Neutral
,Not Mentioned,Not Mentioned,Not Mentioned,Not Mentioned,Neutral
,Not Mentioned,Positive,Not Mentioned,Not Mentioned,Positive
,Not Mentioned,Not Mentioned,Not Mentioned,Not Mentioned,Positive
,Not Mentioned,Positive,Positive,Not Mentioned,Positive
,Not Mentioned,Positive,Not Mentioned,Not Mentioned,Not Mentioned
,Not Mentioned,Positive,Not Mentioned,Positive,Neutral
,Not Mentioned,Not Mentioned,Not Mentioned,Not Mentioned,Positive
,Not Mentioned,Positive,Not Mentioned,Positive,Neutral
,Not Mentioned,Not Mentioned,Positive,Not Mentioned,Not Mentioned
,Not Mentioned,Neutral,Not Mentioned,Not Mentioned,Positive
,Not Mentioned,Not Mentioned,Negative,Not Mentioned,Not Mentioned
,Not Mentioned,Not Mentioned,Not Mentioned,Not Mentioned,Positive
,Not Mentioned,Positive,Not Mentioned,Not Mentioned,Neutral
,Not Mentioned,Not Mentioned,Not Mentioned,Not Mentioned,Negative
,Not Mentioned,Not Mentioned,Not Mentioned,Not Mentioned,Positive
,Not Mentioned,Not Mentioned,Not Mentioned,Not Mentioned,Neutral
,Not Mentioned,Not Mentioned,Not Mentioned,Not Mentioned,Positive
,Not Mentioned,Not Mentioned,Not Mentioned,Not Mentioned,Positive
,Not Mentioned,Not Mentioned,Not Mentioned,Not Mentioned,Positive
,Not Mentioned,Not Mentioned,Not Mentioned,Not Mentioned,Positive
,Not Mentioned,Positive,Not Mentioned,Not Mentioned,Positive
,Not Mentioned,Not Mentioned,Negative,Not Mentioned,Negative
,Not Mentioned,Positive,Not Mentioned,Not Mentioned,Positive
,Not Mentioned,Negative,Not Mentioned,Not Mentioned,Positive
,Not Mentioned,Not Mentioned,Negative,Positive,Negative
,Not Mentioned,Not Mentioned,Not Mentioned,Not Mentioned,Positive
,Not Mentioned,Not Mentioned,Neutral,Not Mentioned,Not Mentioned
,Not Mentioned,Positive,Not Mentioned,Negative,Negative
,Not Mentioned,Not Mentioned,Positive,Not Mentioned,Not Mentioned
,Not Mentioned,Not Mentioned,Not Mentioned,Not Mentioned,Not Mentioned
,Not Mentioned,Positive,Not Mentioned,Not Mentioned,Positive
,Not Mentioned,Not Mentioned,Not Mentioned,Positive,Not Mentioned
,Positive,Not Mentioned,Not Mentioned,Not Mentioned,Positive
,Not Mentioned,Positive,Not Mentioned,Not Mentioned,Not Mentioned
,Not Mentioned,Positive,Not Mentioned,Not Mentioned,Not Mentioned
,Not Mentioned,Not Mentioned,Not Mentioned,Not Mentioned,Positive
,Not Mentioned,Not Mentioned,Not Mentioned,Not Mentioned,Positive
,Not Mentioned,Not Mentioned,Not Mentioned,Not Mentioned,Positive
,Not Mentioned,Positive,Not Mentioned,Positive,Positive
,Not Mentioned,Positive,Not Mentioned,Not Mentioned,Positive
,Not Mentioned,Negative,Not Mentioned,Negative,Positive
,Not Mentioned,Positive,Not Mentioned,Not Mentioned,Positive
,Not Mentioned,Not Mentioned,Negative,Negative,Positive
,Not Mentioned,Positive,Not Mentioned,Not Mentioned,Positive
,Not Mentioned,Not Mentioned,Not Mentioned,Not Mentioned,Not Mentioned
,Not Mentioned,Not Mentioned,Negative,Negative,Negative
,Not Mentioned,Not Mentioned,Negative,Not Mentioned,Positive
,Not Mentioned,Positive,Negative,Not Mentioned,Neutral
,Not Mentioned,Not Mentioned,Not Mentioned,Not Mentioned,Negative
,Not Mentioned,Not Mentioned,Not Mentioned,Not Mentioned,Neutral
,Not Mentioned,Not Mentioned,Not Mentioned,Not Mentioned,Neutral
,Not Mentioned,Not Mentioned,Not Mentioned,Not Mentioned,Positive
,Not Mentioned,Not Mentioned,Not Mentioned,Not Mentioned,Not Mentioned
,Not Mentioned,Positive,Neutral,Not Mentioned,Not Mentioned
,Not Mentioned,Not Mentioned,Not Mentioned,Not Mentioned,Positive
,Not Mentioned,Not Mentioned,Not Mentioned,Not Mentioned,Positive
,Not Mentioned,Not Mentioned,Not Mentioned,Not Mentioned,Positive
,Not Mentioned,Not Mentioned,Not Mentioned,Positive,Neutral
,Not Mentioned,Not Mentioned,Not Mentioned,Positive,Negative
,Not Mentioned,Not Mentioned,Not Mentioned,Not Mentioned,Positive
,Not Mentioned,Not Mentioned,Negative,Negative,Neutral
,Not Mentioned,Positive,Positive,Positive,Positive
,Not Mentioned,Not Mentioned,Not Mentioned,Not Mentioned,Positive
,Not Mentioned,Not Mentioned,Not Mentioned,Not Mentioned,Positive
,Not Mentioned,Positive,Not Mentioned,Not Mentioned,Positive
,Not Mentioned,Not Mentioned,Not Mentioned,Not Mentioned,Positive
,Positive,Neutral,Not Mentioned,Positive,Positive
,Not Mentioned,Not Mentioned,Not Mentioned,Not Mentioned,Positive
,Not Mentioned,Not Mentioned,Not Mentioned,Not Mentioned,Not Mentioned
,Not Mentioned,Negative,Not Mentioned,Not Mentioned,Neutral
,Not Mentioned,Negative,Negative,Not Mentioned,Negative
,Not Mentioned,Negative,Neutral,Not Mentioned,Not Mentioned
,Not Mentioned,Not Mentioned,Not Mentioned,Positive,Not Mentioned
,Not Mentioned,Positive,Negative,Positive,Positive
,Not Mentioned,Negative,Negative,Not Mentioned,Neutral
,Not Mentioned,Not Mentioned,Negative,Not Mentioned,Negative
,Not Mentioned,Positive,Not Mentioned,Positive,Positive
,Not Mentioned,Not Mentioned,Not Mentioned,Positive,Negative
,Not Mentioned,Not Mentioned,Not Mentioned,Not Mentioned,Negative
,Not Mentioned,Positive,Neutral,Not Mentioned,Negative
,Not Mentioned,Positive,Positive,Not Mentioned,Positive
,Not Mentioned,Positive,Not Mentioned,Not Mentioned,Not Mentioned
,Not Mentioned,Positive,Not Mentioned,Positive,Positive
,Not Mentioned,Not Mentioned,Not Mentioned,Not Mentioned,Neutral
,Not Mentioned,Positive,Not Mentioned,Not Mentioned,Not Mentioned
,Not Mentioned,Not Mentioned,Negative,Positive,Positive
,Not Mentioned,Negative,Not Mentioned,Negative,Neutral
,Not Mentioned,Not Mentioned,Not Mentioned,Not Mentioned,Positive
,Not Mentioned,Positive,Not Mentioned,Not Mentioned,Not Mentioned
,Not Mentioned,Negative,Not Mentioned,Not Mentioned,Positive
,Not Mentioned,Positive,Not Mentioned,Not Mentioned,Not Mentioned
,Not Mentioned,Not Mentioned,Neutral,Not Mentioned,Negative
,Not Mentioned,Positive,Negative,Not Mentioned,Negative
,Not Mentioned,Not Mentioned,Negative,Not Mentioned,Positive
,Not Mentioned,Not Mentioned,Not Mentioned,Not Mentioned,Positive
,Not Mentioned,Not Mentioned,Not Mentioned,Not Mentioned,Not Mentioned
,Not Mentioned,Neutral,Not Mentioned,Not Mentioned,Positive
,Not Mentioned,Not Mentioned,Negative,Negative,Not Mentioned
,Not Mentioned,Not Mentioned,Not Mentioned,Not Mentioned,Not Mentioned
,Not Mentioned,Positive,Not Mentioned,Negative,Not Mentioned
,Not Mentioned,Not Mentioned,Not Mentioned,Not Mentioned,Neutral
,Not Mentioned,Not Mentioned,Not Mentioned,Not Mentioned,Positive
,Not Mentioned,Negative,Neutral,Not Mentioned,Not Mentioned
,Not Mentioned,Not Mentioned,Not Mentioned,Not Mentioned,Positive
,Not Mentioned,Not Mentioned,Not Mentioned,Not Mentioned,Neutral
,Not Mentioned,Not Mentioned,Not Mentioned,Not Mentioned,Negative
,Not Mentioned,Not Mentioned,Not Mentioned,Not Mentioned,Not Mentioned
,Not Mentioned,Not Mentioned,Not Mentioned,Not Mentioned,Negative
,Not Mentioned,Positive,Not Mentioned,Positive,Not Mentioned
,Not Mentioned,Not Mentioned,Negative,Not Mentioned,Neutral
,Not Mentioned,Not Mentioned,Neutral,Not Mentioned,Neutral
,Not Mentioned,Not Mentioned,Not Mentioned,Not Mentioned,Positive
,Not Mentioned,Not Mentioned,Not Mentioned,Not Mentioned,Not Mentioned
,Not Mentioned,Not Mentioned,Not Mentioned,Not Mentioned,Neutral
,Not Mentioned,Negative,Not Mentioned,Not Mentioned,Not Mentioned
,Not Mentioned,Positive,Not Mentioned,Not Mentioned,Not Mentioned
,Not Mentioned,Positive,Not Mentioned,Not Mentioned,Positive
,Not Mentioned,Positive,Not Mentioned,Positive,Not Mentioned
,Not Mentioned,Not Mentioned,Not Mentioned,Not Mentioned,Positive
,Not Mentioned,Not Mentioned,Not Mentioned,Not Mentioned,Not Mentioned
,Not Mentioned,Negative,Not Mentioned,Not Mentioned,Not Mentioned
,Not Mentioned,Not Mentioned,Not Mentioned,Not Mentioned,Positive
,Not Mentioned,Not Mentioned,Not Mentioned,Neutral,Neutral
,Not Mentioned,Positive,Not Mentioned,Not Mentioned,Not Mentioned
,Not Mentioned,Negative,Not Mentioned,Not Mentioned,Neutral
,Not Mentioned,Not Mentioned,Not Mentioned,Not Mentioned,Positive
,Not Mentioned,Not Mentioned,Not Mentioned,Not Mentioned,Neutral
,Not Mentioned,Positive,Not Mentioned,Positive,Positive
,Not Mentioned,Positive,Not Mentioned,Not Mentioned,Positive
,Not Mentioned,Positive,Negative,Not Mentioned,Positive
,Not Mentioned,Positive,Not Mentioned,Not Mentioned,Not Mentioned
,Not Mentioned,Positive,Not Mentioned,Not Mentioned,Positive
,Not Mentioned,Not Mentioned,Negative,Not Mentioned,Neutral
,Not Mentioned,Negative,Not Mentioned,Negative,Neutral
,Not Mentioned,Not Mentioned,Negative,Not Mentioned,Not Mentioned
,Not Mentioned,Neutral,Not Mentioned,Not Mentioned,Positive
,Not Mentioned,Positive,Not Mentioned,Positive,Positive
,Not Mentioned,Not Mentioned,Not Mentioned,Not Mentioned,Neutral
,Not Mentioned,Not Mentioned,Not Mentioned,Not Mentioned,Not Mentioned
,Not Mentioned,Not Mentioned,Not Mentioned,Not Mentioned,Not Mentioned
,Not Mentioned,Positive,Not Mentioned,Not Mentioned,Positive
,Not Mentioned,Not Mentioned,Not Mentioned,Not Mentioned,Not Mentioned
,Not Mentioned,Not Mentioned,Not Mentioned,Positive,Positive
,Not Mentioned,Positive,Not Mentioned,Not Mentioned,Positive
,Not Mentioned,Not Mentioned,Not Mentioned,Not Mentioned,Not Mentioned
,Not Mentioned,Negative,Not Mentioned,Not Mentioned,Not Mentioned
,Not Mentioned,Not Mentioned,Not Mentioned,Not Mentioned,Not Mentioned
,Not Mentioned,Not Mentioned,Not Mentioned,Not Mentioned,Positive
,Not Mentioned,Not Mentioned,Not Mentioned,Not Mentioned,Positive
,Not Mentioned,Not Mentioned,Not Mentioned,Not Mentioned,Positive
,Not Mentioned,Positive,Neutral,Not Mentioned,Neutral
,Not Mentioned,Not Mentioned,Not Mentioned,Positive,Positive
,Not Mentioned,Not Mentioned,Not Mentioned,Not Mentioned,Positive
,Not Mentioned,Negative,Neutral,Not Mentioned,Not Mentioned
,Not Mentioned,Not Mentioned,Positive,Not Mentioned,Positive
,Not Mentioned,Not Mentioned,Neutral,Not Mentioned,Positive
,Not Mentioned,Not Mentioned,Not Mentioned,Not Mentioned,Neutral
,Not Mentioned,Negative,Not Mentioned,Not Mentioned,Positive
,Not Mentioned,Positive,Not Mentioned,Positive,Not Mentioned
,Not Mentioned,Not Mentioned,Not Mentioned,Not Mentioned,Positive
,Not Mentioned,Not Mentioned,Not Mentioned,Not Mentioned,Not Mentioned
,Not Mentioned,Not Mentioned,Not Mentioned,Not Mentioned,Positive
,Not Mentioned,Positive,Not Mentioned,Not Mentioned,Neutral
,Not Mentioned,Not Mentioned,Negative,Not Mentioned,Neutral
,Not Mentioned,Not Mentioned,Negative,Not Mentioned,Negative
,Not Mentioned,Not Mentioned,Not Mentioned,Positive,Positive
,Not Mentioned,Not Mentioned,Not Mentioned,Not Mentioned,Not Mentioned
,Not Mentioned,Positive,Not Mentioned,Not Mentioned,Positive
,Not Mentioned,Not Mentioned,Not Mentioned,Not Mentioned,Negative
,Not Mentioned,Not Mentioned,Negative,Not Mentioned,Negative
,Not Mentioned,Not Mentioned,Not Mentioned,Not Mentioned,Neutral
,Not Mentioned,Not Mentioned,Negative,Not Mentioned,Neutral
,Not Mentioned,Not Mentioned,Not Mentioned,Not Mentioned,Positive
,Not Mentioned,Not Mentioned,Not Mentioned,Positive,Not Mentioned
,Not Mentioned,Not Mentioned,Not Mentioned,Not Mentioned,Negative
,Not Mentioned,Not Mentioned,Not Mentioned,Not Mentioned,Not Mentioned
,Not Mentioned,Neutral,Positive,Not Mentioned,Positive
,Not Mentioned,Negative,Not Mentioned,Not Mentioned,Positive
,Not Mentioned,Not Mentioned,Not Mentioned,Not Mentioned,Positive
,Not Mentioned,Not Mentioned,Not Mentioned,Not Mentioned,Not Mentioned
,Not Mentioned,Neutral,Not Mentioned,Neutral,Neutral
,Not Mentioned,Neutral,Neutral,Positive,Neutral
,Not Mentioned,Not Mentioned,Negative,Not Mentioned,Neutral
,Not Mentioned,Negative,Not Mentioned,Not Mentioned,Not Mentioned
,Not Mentioned,Positive,Not Mentioned,Not Mentioned,Positive
,Not Mentioned,Not Mentioned,Not Mentioned,Not Mentioned,Not Mentioned
,Not Mentioned,Not Mentioned,Negative,Not Mentioned,Neutral
,Not Mentioned,Not Mentioned,Not Mentioned,Not Mentioned,Not Mentioned
,Not Mentioned,Not Mentioned,Negative,Not Mentioned,Positive
,Not Mentioned,Negative,Negative,Not Mentioned,Positive
,Not Mentioned,Not Mentioned,Not Mentioned,Not Mentioned,Positive
,Not Mentioned,Positive,Not Mentioned,Not Mentioned,Positive
,Not Mentioned,Positive,Not Mentioned,Not Mentioned,Positive
,Not Mentioned,Neutral,Negative,Not Mentioned,Neutral
,Not Mentioned,Not Mentioned,Not Mentioned,Positive,Positive
,Not Mentioned,Positive,Neutral,Neutral,Positive
,Not Mentioned,Not Mentioned,Not Mentioned,Not Mentioned,Positive
,Not Mentioned,Not Mentioned,Not Mentioned,Not Mentioned,Positive
,Not Mentioned,Not Mentioned,Not Mentioned,Negative,Not Mentioned
,Not Mentioned,Positive,Negative,Negative,Positive
,Not Mentioned,Positive,Negative,Not Mentioned,Positive
,Not Mentioned,Not Mentioned,Not Mentioned,Negative,Not Mentioned
,Not Mentioned,Negative,Not Mentioned,Not Mentioned,Neutral
,Not Mentioned,Not Mentioned,Not Mentioned,Not Mentioned,Positive
,Not Mentioned,Not Mentioned,Not Mentioned,Not Mentioned,Neutral
,Positive,Positive,Neutral,Not Mentioned,Positive
,Not Mentioned,Not Mentioned,Not Mentioned,Not Mentioned,Positive
,Not Mentioned,Not Mentioned,Not Mentioned,Not Mentioned,Neutral
,Not Mentioned,Not Mentioned,Not Mentioned,Not Mentioned,Positive
,Not Mentioned,Not Mentioned,Not Mentioned,Not Mentioned,Neutral
,Not Mentioned,Not Mentioned,Not Mentioned,Positive,Positive
,Not Mentioned,Not Mentioned,Not Mentioned,Not Mentioned,Neutral
,Not Mentioned,Not Mentioned,Negative,Not Mentioned,Neutral
,Not Mentioned,Not Mentioned,Negative,Not Mentioned,Neutral
,Not Mentioned,Not Mentioned,Not Mentioned,Not Mentioned,Positive
,Not Mentioned,Not Mentioned,Negative,Not Mentioned,Not Mentioned
,Not Mentioned,Not Mentioned,Not Mentioned,Not Mentioned,Neutral
,Not Mentioned,Positive,Not Mentioned,Not Mentioned,Positive
,Not Mentioned,Not Mentioned,Not Mentioned,Not Mentioned,Not Mentioned
,Not Mentioned,Not Mentioned,Not Mentioned,Negative,Neutral
,Not Mentioned,Not Mentioned,Not Mentioned,Not Mentioned,Not Mentioned
,Not Mentioned,Not Mentioned,Not Mentioned,Not Mentioned,Not Mentioned
,Not Mentioned,Positive,Negative,Negative,Not Mentioned
,Not Mentioned,Not Mentioned,Negative,Not Mentioned,Negative
,Not Mentioned,Not Mentioned,Not Mentioned,Not Mentioned,Positive
,Not Mentioned,Not Mentioned,Not Mentioned,Not Mentioned,Positive
,Not Mentioned,Neutral,Not Mentioned,Not Mentioned,Not Mentioned
,Not Mentioned,Not Mentioned,Not Mentioned,Not Mentioned,Positive
,Not Mentioned,Negative,Not Mentioned,Not Mentioned,Not Mentioned
,Not Mentioned,Not Mentioned,Not Mentioned,Not Mentioned,Positive
,Not Mentioned,Not Mentioned,Not Mentioned,Not Mentioned,Neutral
,Not Mentioned,Negative,Not Mentioned,Not Mentioned,Negative
,Not Mentioned,Negative,Not Mentioned,Negative,Not Mentioned
,Not Mentioned,Not Mentioned,Not Mentioned,Not Mentioned,Positive
,Not Mentioned,Not Mentioned,Not Mentioned,Not Mentioned,Positive
,Not Mentioned,Neutral,Not Mentioned,Not Mentioned,Positive
,Not Mentioned,Not Mentioned,Not Mentioned,Not Mentioned,Neutral
,Not Mentioned,Not Mentioned,Not Mentioned,Not Mentioned,Neutral
,Not Mentioned,Not Mentioned,Not Mentioned,Not Mentioned,Neutral
,Not Mentioned,Negative,Negative,Negative,Negative
,Not Mentioned,Not Mentioned,Not Mentioned,Not Mentioned,Positive
,Not Mentioned,Not Mentioned,Not Mentioned,Not Mentioned,Positive
,Not Mentioned,Not Mentioned,Not Mentioned,Not Mentioned,Positive
,Not Mentioned,Not Mentioned,Not Mentioned,Not Mentioned,Negative
,Not Mentioned,Not Mentioned,Negative,Positive,Neutral
,Not Mentioned,Not Mentioned,Negative,Not Mentioned,Neutral
,Not Mentioned,Not Mentioned,Not Mentioned,Not Mentioned,Positive
,Not Mentioned,Not Mentioned,Not Mentioned,Not Mentioned,Neutral
,Not Mentioned,Positive,Negative,Not Mentioned,Not Mentioned
,Not Mentioned,Positive,Not Mentioned,Positive,Positive
,Not Mentioned,Positive,Not Mentioned,Not Mentioned,Positive
,Not Mentioned,Not Mentioned,Not Mentioned,Not Mentioned,Positive
,Not Mentioned,Positive,Negative,Not Mentioned,Positive
,Not Mentioned,Positive,Not Mentioned,Not Mentioned,Positive
,Not Mentioned,Not Mentioned,Not Mentioned,Not Mentioned,Neutral
,Not Mentioned,Not Mentioned,Not Mentioned,Not Mentioned,Positive
,Not Mentioned,Not Mentioned,Not Mentioned,Not Mentioned,Positive
,Not Mentioned,Not Mentioned,Not Mentioned,Not Mentioned,Positive
,Not Mentioned,Positive,Not Mentioned,Not Mentioned,Positive
,Not Mentioned,Neutral,Negative,Not Mentioned,Not Mentioned
,Not Mentioned,Negative,Negative,Not Mentioned,Negative
,Not Mentioned,Not Mentioned,Negative,Not Mentioned,Positive
,Not Mentioned,Not Mentioned,Negative,Not Mentioned,Positive
,Not Mentioned,Positive,Negative,Not Mentioned,Neutral
,Not Mentioned,Positive,Not Mentioned,Not Mentioned,Not Mentioned
,Not Mentioned,Negative,Neutral,Not Mentioned,Positive
,Not Mentioned,Not Mentioned,Not Mentioned,Not Mentioned,Neutral
,Not Mentioned,Not Mentioned,Not Mentioned,Not Mentioned,Negative
,Not Mentioned,Not Mentioned,Neutral,Not Mentioned,Positive
,Not Mentioned,Not Mentioned,Not Mentioned,Not Mentioned,Positive
,Not Mentioned,Neutral,Negative,Positive,Neutral
,Not Mentioned,Not Mentioned,Not Mentioned,Not Mentioned,Positive
,Not Mentioned,Negative,Negative,Not Mentioned,Positive
,Not Mentioned,Not Mentioned,Not Mentioned,Not Mentioned,Negative
,Not Mentioned,Not Mentioned,Negative,Not Mentioned,Negative
,Not Mentioned,Positive,Not Mentioned,Not Mentioned,Positive
,Not Mentioned,Negative,Not Mentioned,Not Mentioned,Negative
,Not Mentioned,Neutral,Positive,Not Mentioned,Positive
,Not Mentioned,Not Mentioned,Not Mentioned,Positive,Positive
,Not Mentioned,Positive,Not Mentioned,Positive,Positive
,Not Mentioned,Not Mentioned,Not Mentioned,Not Mentioned,Negative
,Not Mentioned,Not Mentioned,Not Mentioned,Not Mentioned,Positive
,Not Mentioned,Neutral,Not Mentioned,Not Mentioned,Positive
,Not Mentioned,Not Mentioned,Not Mentioned,Positive,Positive
,Not Mentioned,Not Mentioned,Negative,Not Mentioned,Not Mentioned
,Not Mentioned,Not Mentioned,Negative,Not Mentioned,Not Mentioned
,Not Mentioned,Not Mentioned,Neutral,Not Mentioned,Positive
,Not Mentioned,Negative,Not Mentioned,Not Mentioned,Neutral
,Not Mentioned,Positive,Not Mentioned,Not Mentioned,Positive
,Not Mentioned,Not Mentioned,Not Mentioned,Not Mentioned,Neutral
,Not Mentioned,Not Mentioned,Not Mentioned,Not Mentioned,Neutral
,Not Mentioned,Neutral,Not Mentioned,Not Mentioned,Negative
,Not Mentioned,Not Mentioned,Not Mentioned,Not Mentioned,Negative
,Not Mentioned,Not Mentioned,Negative,Not Mentioned,Negative
,Not Mentioned,Not Mentioned,Not Mentioned,Not Mentioned,Negative
,Not Mentioned,Not Mentioned,Not Mentioned,Not Mentioned,Not Mentioned
,Not Mentioned,Positive,Negative,Positive,Positive
,Not Mentioned,Neutral,Not Mentioned,Not Mentioned,Neutral
,Not Mentioned,Not Mentioned,Negative,Not Mentioned,Neutral
,Not Mentioned,Negative,Not Mentioned,Not Mentioned,Positive
,Not Mentioned,Not Mentioned,Negative,Not Mentioned,Positive
,Not Mentioned,Not Mentioned,Not Mentioned,Not Mentioned,Positive
,Not Mentioned,Not Mentioned,Negative,Not Mentioned,Negative
,Not Mentioned,Not Mentioned,Not Mentioned,Not Mentioned,Neutral
,Not Mentioned,Neutral,Not Mentioned,Positive,Positive
,Not Mentioned,Negative,Not Mentioned,Not Mentioned,Neutral
,Not Mentioned,Positive,Not Mentioned,Not Mentioned,Not Mentioned
,Not Mentioned,Not Mentioned,Not Mentioned,Not Mentioned,Neutral
,Not Mentioned,Not Mentioned,Not Mentioned,Negative,Neutral
,Not Mentioned,Not Mentioned,Negative,Not Mentioned,Positive
,Not Mentioned,Positive,Neutral,Not Mentioned,Positive
,Not Mentioned,Not Mentioned,Not Mentioned,Not Mentioned,Positive
,Not Mentioned,Not Mentioned,Not Mentioned,Not Mentioned,Positive
,Not Mentioned,Not Mentioned,Not Mentioned,Not Mentioned,Positive
,Not Mentioned,Negative,Not Mentioned,Not Mentioned,Negative
,Not Mentioned,Neutral,Not Mentioned,Not Mentioned,Positive
,Not Mentioned,Neutral,Negative,Not Mentioned,Positive
,Not Mentioned,Neutral,Not Mentioned,Not Mentioned,Neutral
,Not Mentioned,Not Mentioned,Negative,Positive,Positive
,Not Mentioned,Negative,Not Mentioned,Not Mentioned,Neutral
,Not Mentioned,Positive,Negative,Not Mentioned,Neutral
,Not Mentioned,Negative,Negative,Negative,Not Mentioned
,Not Mentioned,Positive,Not Mentioned,Positive,Not Mentioned
,Not Mentioned,Positive,Not Mentioned,Not Mentioned,Positive
,Not Mentioned,Not Mentioned,Not Mentioned,Not Mentioned,Positive
,Not Mentioned,Neutral,Not Mentioned,Not Mentioned,Neutral
,Not Mentioned,Not Mentioned,Not Mentioned,Not Mentioned,Positive
,Not Mentioned,Negative,Not Mentioned,Not Mentioned,Negative
,Not Mentioned,Not Mentioned,Not Mentioned,Not Mentioned,Not Mentioned
,Not Mentioned,Positive,Not Mentioned,Not Mentioned,Positive
,Not Mentioned,Not Mentioned,Not Mentioned,Not Mentioned,Positive
,Not Mentioned,Positive,Not Mentioned,Positive,Positive
,Not Mentioned,Positive,Positive,Not Mentioned,Not Mentioned
,Not Mentioned,Positive,Not Mentioned,Not Mentioned,Positive
,Not Mentioned,Not Mentioned,Not Mentioned,Not Mentioned,Positive
,Not Mentioned,Not Mentioned,Negative,Not Mentioned,Neutral
,Not Mentioned,Negative,Neutral,Not Mentioned,Not Mentioned
,Not Mentioned,Not Mentioned,Negative,Not Mentioned,Negative
,Not Mentioned,Not Mentioned,Not Mentioned,Not Mentioned,Neutral
,Not Mentioned,Positive,Not Mentioned,Not Mentioned,Positive
,Not Mentioned,Not Mentioned,Not Mentioned,Not Mentioned,Positive
,Not Mentioned,Neutral,Not Mentioned,Not Mentioned,Not Mentioned
,Not Mentioned,Not Mentioned,Not Mentioned,Not Mentioned,Positive
,Not Mentioned,Not Mentioned,Not Mentioned,Positive,Positive
,Not Mentioned,Not Mentioned,Not Mentioned,Positive,Neutral
,Not Mentioned,Not Mentioned,Not Mentioned,Not Mentioned,Positive
,Not Mentioned,Not Mentioned,Not Mentioned,Positive,Neutral
,Not Mentioned,Positive,Not Mentioned,Positive,Positive
,Not Mentioned,Not Mentioned,Negative,Not Mentioned,Positive
,Not Mentioned,Not Mentioned,Not Mentioned,Not Mentioned,Positive
,Not Mentioned,Positive,Not Mentioned,Not Mentioned,Not Mentioned
,Not Mentioned,Not Mentioned,Negative,Positive,Positive
,Not Mentioned,Positive,Not Mentioned,Not Mentioned,Positive
,Not Mentioned,Positive,Not Mentioned,Not Mentioned,Positive
,Not Mentioned,Positive,Not Mentioned,Not Mentioned,Positive
,Not Mentioned,Not Mentioned,Not Mentioned,Not Mentioned,Positive
,Not Mentioned,Negative,Not Mentioned,Not Mentioned,Neutral
,Not Mentioned,Not Mentioned,Negative,Not Mentioned,Negative
,Not Mentioned,Not Mentioned,Negative,Not Mentioned,Negative
,Not Mentioned,Not Mentioned,Negative,Not Mentioned,Positive
,Not Mentioned,Not Mentioned,Not Mentioned,Positive,Not Mentioned
,Not Mentioned,Not Mentioned,Not Mentioned,Not Mentioned,Neutral
,Not Mentioned,Positive,Not Mentioned,Not Mentioned,Positive
,Not Mentioned,Positive,Not Mentioned,Not Mentioned,Positive
,Not Mentioned,Not Mentioned,Neutral,Not Mentioned,Not Mentioned
,Not Mentioned,Not Mentioned,Not Mentioned,Not Mentioned,Negative
,Not Mentioned,Positive,Not Mentioned,Not Mentioned,Not Mentioned
,Not Mentioned,Not Mentioned,Positive,Positive,Positive
,Not Mentioned,Not Mentioned,Neutral,Not Mentioned,Neutral
,Not Mentioned,Negative,Negative,Not Mentioned,Positive
,Not Mentioned,Not Mentioned,Not Mentioned,Not Mentioned,Positive
,Not Mentioned,Positive,Positive,Not Mentioned,Positive
,Not Mentioned,Not Mentioned,Neutral,Not Mentioned,Neutral
,Not Mentioned,Positive,Not Mentioned,Positive,Positive
,Not Mentioned,Not Mentioned,Not Mentioned,Positive,Positive
,Not Mentioned,Not Mentioned,Not Mentioned,Not Mentioned,Negative
,Not Mentioned,Not Mentioned,Not Mentioned,Not Mentioned,Not Mentioned
,Not Mentioned,Not Mentioned,Not Mentioned,Not Mentioned,Positive
,Not Mentioned,Not Mentioned,Not Mentioned,Not Mentioned,Positive
,Not Mentioned,Not Mentioned,Not Mentioned,Positive,Positive
,Not Mentioned,Not Mentioned,Not Mentioned,Not Mentioned,Neutral
,Not Mentioned,Not Mentioned,Positive,Not Mentioned,Positive
,Not Mentioned,Positive,Not Mentioned,Not Mentioned,Positive
,Not Mentioned,Positive,Negative,Not Mentioned,Negative
,Not Mentioned,Not Mentioned,Not Mentioned,Neutral,Neutral
,Not Mentioned,Not Mentioned,Not Mentioned,Not Mentioned,Positive
,Not Mentioned,Not Mentioned,Negative,Not Mentioned,Negative
,Not Mentioned,Positive,Not Mentioned,Not Mentioned,Not Mentioned
,Not Mentioned,Not Mentioned,Not Mentioned,Not Mentioned,Neutral
,Not Mentioned,Not Mentioned,Not Mentioned,Not Mentioned,Positive
,Not Mentioned,Not Mentioned,Negative,Not Mentioned,Positive
,Not Mentioned,Not Mentioned,Negative,Not Mentioned,Negative
,Not Mentioned,Neutral,Neutral,Not Mentioned,Positive
,Not Mentioned,Not Mentioned,Negative,Not Mentioned,Positive
,Not Mentioned,Positive,Not Mentioned,Not Mentioned,Positive
,Not Mentioned,Negative,Neutral,Negative,Positive
,Not Mentioned,Not Mentioned,Negative,Not Mentioned,Positive
,Not Mentioned,Negative,Not Mentioned,Not Mentioned,Positive
,Not Mentioned,Neutral,Negative,Not Mentioned,Neutral
,Not Mentioned,Not Mentioned,Not Mentioned,Not Mentioned,Not Mentioned
,Not Mentioned,Not Mentioned,Not Mentioned,Negative,Not Mentioned
,Not Mentioned,Not Mentioned,Not Mentioned,Not Mentioned,Positive
,Not Mentioned,Not Mentioned,Not Mentioned,Not Mentioned,Positive
,Not Mentioned,Not Mentioned,Not Mentioned,Not Mentioned,Positive
,Not Mentioned,Not Mentioned,Not Mentioned,Not Mentioned,Neutral
,Not Mentioned,Negative,Neutral,Not Mentioned,Positive
,Not Mentioned,Not Mentioned,Not Mentioned,Not Mentioned,Neutral
,Not Mentioned,Not Mentioned,Not Mentioned,Not Mentioned,Neutral
,Not Mentioned,Not Mentioned,Not Mentioned,Not Mentioned,Neutral
,Not Mentioned,Not Mentioned,Negative,Not Mentioned,Positive
,Not Mentioned,Not Mentioned,Negative,Not Mentioned,Negative
,Not Mentioned,Not Mentioned,Negative,Not Mentioned,Positive
,Not Mentioned,Positive,Not Mentioned,Not Mentioned,Not Mentioned
,Not Mentioned,Negative,Neutral,Negative,Negative
,Not Mentioned,Positive,Negative,Not Mentioned,Neutral
,Not Mentioned,Negative,Not Mentioned,Not Mentioned,Positive
,Not Mentioned,Not Mentioned,Not Mentioned,Not Mentioned,Positive
,Not Mentioned,Negative,Not Mentioned,Positive,Positive
,Not Mentioned,Not Mentioned,Not Mentioned,Positive,Neutral
,Not Mentioned,Not Mentioned,Not Mentioned,Not Mentioned,Positive
,Not Mentioned,Negative,Not Mentioned,Not Mentioned,Positive
,Not Mentioned,Not Mentioned,Not Mentioned,Not Mentioned,Neutral
,Not Mentioned,Negative,Not Mentioned,Not Mentioned,Not Mentioned
,Not Mentioned,Negative,Negative,Not Mentioned,Neutral
,Not Mentioned,Not Mentioned,Not Mentioned,Not Mentioned,Negative
,Not Mentioned,Negative,Not Mentioned,Not Mentioned,Positive
,Not Mentioned,Not Mentioned,Not Mentioned,Not Mentioned,Not Mentioned
,Not Mentioned,Not Mentioned,Not Mentioned,Not Mentioned,Not Mentioned
,Not Mentioned,Not Mentioned,Not Mentioned,Not Mentioned,Positive
,Not Mentioned,Not Mentioned,Positive,Negative,Not Mentioned
,Not Mentioned,Negative,Not Mentioned,Not Mentioned,Not Mentioned
,Not Mentioned,Not Mentioned,Not Mentioned,Not Mentioned,Not Mentioned
,Not Mentioned,Not Mentioned,Negative,Not Mentioned,Positive
,Not Mentioned,Negative,Not Mentioned,Not Mentioned,Not Mentioned
,Not Mentioned,Not Mentioned,Not Mentioned,Not Mentioned,Not Mentioned
,Not Mentioned,Not Mentioned,Neutral,Not Mentioned,Not Mentioned
,Not Mentioned,Not Mentioned,Not Mentioned,Not Mentioned,Not Mentioned
,Not Mentioned,Neutral,Negative,Not Mentioned,Positive
,Not Mentioned,Negative,Not Mentioned,Positive,Positive
,Not Mentioned,Negative,Negative,Not Mentioned,Negative
,Not Mentioned,Not Mentioned,Not Mentioned,Not Mentioned,Neutral
,Not Mentioned,Not Mentioned,Negative,Not Mentioned,Positive
,Not Mentioned,Positive,Not Mentioned,Not Mentioned,Positive
,Not Mentioned,Not Mentioned,Negative,Not Mentioned,Not Mentioned
,Not Mentioned,Not Mentioned,Not Mentioned,Not Mentioned,Positive
,Not Mentioned,Negative,Not Mentioned,Negative,Not Mentioned
,Not Mentioned,Not Mentioned,Negative,Not Mentioned,Neutral
,Not Mentioned,Not Mentioned,Negative,Not Mentioned,Positive
,Not Mentioned,Not Mentioned,Negative,Not Mentioned,Positive
,Not Mentioned,Positive,Negative,Not Mentioned,Positive
,Not Mentioned,Not Mentioned,Not Mentioned,Not Mentioned,Neutral
,Not Mentioned,Neutral,Not Mentioned,Not Mentioned,Not Mentioned
,Not Mentioned,Not Mentioned,Negative,Not Mentioned,Neutral
,Not Mentioned,Negative,Not Mentioned,Not Mentioned,Not Mentioned
,Not Mentioned,Negative,Not Mentioned,Not Mentioned,Negative
,Not Mentioned,Negative,Not Mentioned,Not Mentioned,Positive
,Not Mentioned,Not Mentioned,Not Mentioned,Not Mentioned,Neutral
,Not Mentioned,Not Mentioned,Not Mentioned,Negative,Not Mentioned
,Not Mentioned,Positive,Not Mentioned,Not Mentioned,Positive
,Not Mentioned,Positive,Not Mentioned,Not Mentioned,Not Mentioned
,Not Mentioned,Negative,Not Mentioned,Not Mentioned,Negative
,Not Mentioned,Not Mentioned,Not Mentioned,Not Mentioned,Negative
,Not Mentioned,Negative,Not Mentioned,Not Mentioned,Not Mentioned
,Not Mentioned,Not Mentioned,Not Mentioned,Not Mentioned,Not Mentioned
,Not Mentioned,Positive,Not Mentioned,Negative,Positive
,Not Mentioned,Positive,Not Mentioned,Not Mentioned,Neutral
,Not Mentioned,Not Mentioned,Negative,Not Mentioned,Negative
,Not Mentioned,Negative,Not Mentioned,Not Mentioned,Not Mentioned
,Not Mentioned,Not Mentioned,Not Mentioned,Not Mentioned,Positive
,Not Mentioned,Positive,Not Mentioned,Positive,Positive
,Not Mentioned,Positive,Not Mentioned,Not Mentioned,Positive
,Not Mentioned,Not Mentioned,Not Mentioned,Not Mentioned,Neutral
,Not Mentioned,Negative,Not Mentioned,Negative,Negative
,Not Mentioned,Not Mentioned,Not Mentioned,Not Mentioned,Not Mentioned
,Not Mentioned,Not Mentioned,Not Mentioned,Not Mentioned,Positive
,Not Mentioned,Not Mentioned,Not Mentioned,Not Mentioned,Neutral
,Not Mentioned,Neutral,Not Mentioned,Not Mentioned,Positive
,Not Mentioned,Positive,Not Mentioned,Not Mentioned,Positive
,Not Mentioned,Not Mentioned,Not Mentioned,Not Mentioned,Neutral
,Not Mentioned,Not Mentioned,Negative,Not Mentioned,Neutral
,Not Mentioned,Not Mentioned,Not Mentioned,Not Mentioned,Neutral
,Not Mentioned,Not Mentioned,Not Mentioned,Negative,Neutral
,Not Mentioned,Not Mentioned,Not Mentioned,Not Mentioned,Not Mentioned
,Not Mentioned,Not Mentioned,Not Mentioned,Not Mentioned,Not Mentioned
,Not Mentioned,Negative,Not Mentioned,Not Mentioned,Not Mentioned
,Not Mentioned,Negative,Not Mentioned,Not Mentioned,Not Mentioned
,Not Mentioned,Not Mentioned,Not Mentioned,Not Mentioned,Neutral
,Not Mentioned,Positive,Not Mentioned,Positive,Not Mentioned
,Not Mentioned,Not Mentioned,Neutral,Not Mentioned,Not Mentioned
,Not Mentioned,Not Mentioned,Not Mentioned,Not Mentioned,Positive
,Not Mentioned,Neutral,Not Mentioned,Not Mentioned,Not Mentioned
,Not Mentioned,Not Mentioned,Not Mentioned,Not Mentioned,Neutral
,Not Mentioned,Neutral,Not Mentioned,Not Mentioned,Positive
,Not Mentioned,Negative,Not Mentioned,Not Mentioned,Positive
,Not Mentioned,Not Mentioned,Negative,Not Mentioned,Neutral
,Not Mentioned,Not Mentioned,Negative,Not Mentioned,Not Mentioned
,Not Mentioned,Not Mentioned,Not Mentioned,Not Mentioned,Not Mentioned
,Not Mentioned,Not Mentioned,Negative,Not Mentioned,Not Mentioned
,Not Mentioned,Positive,Not Mentioned,Not Mentioned,Positive
,Not Mentioned,Not Mentioned,Not Mentioned,Not Mentioned,Neutral
,Not Mentioned,Not Mentioned,Not Mentioned,Neutral,Neutral
,Not Mentioned,Negative,Negative,Not Mentioned,Neutral
,Not Mentioned,Not Mentioned,Neutral,Not Mentioned,Neutral
,Not Mentioned,Negative,Not Mentioned,Not Mentioned,Not Mentioned
,Not Mentioned,Negative,Not Mentioned,Not Mentioned,Neutral
,Not Mentioned,Not Mentioned,Not Mentioned,Not Mentioned,Not Mentioned
,Not Mentioned,Not Mentioned,Not Mentioned,Not Mentioned,Positive
,Not Mentioned,Not Mentioned,Not Mentioned,Not Mentioned,Not Mentioned
,Not Mentioned,Not Mentioned,Not Mentioned,Not Mentioned,Positive
,Not Mentioned,Not Mentioned,Negative,Not Mentioned,Positive
,Not Mentioned,Not Mentioned,Not Mentioned,Not Mentioned,Positive
,Not Mentioned,Positive,Not Mentioned,Not Mentioned,Positive
,Not Mentioned,Positive,Not Mentioned,Not Mentioned,Positive
,Not Mentioned,Not Mentioned,Not Mentioned,Not Mentioned,Not Mentioned
,Not Mentioned,Not Mentioned,Not Mentioned,Positive,Positive
,Not Mentioned,Not Mentioned,Not Mentioned,Not Mentioned,Not Mentioned
,Not Mentioned,Not Mentioned,Not Mentioned,Not Mentioned,Not Mentioned
,Not Mentioned,Not Mentioned,Not Mentioned,Not Mentioned,Positive
,Not Mentioned,Positive,Not Mentioned,Not Mentioned,Positive
,Not Mentioned,Not Mentioned,Positive,Not Mentioned,Not Mentioned
,Not Mentioned,Not Mentioned,Not Mentioned,Not Mentioned,Positive
,Not Mentioned,Not Mentioned,Not Mentioned,Not Mentioned,Neutral
,Not Mentioned,Positive,Not Mentioned,Not Mentioned,Positive
,Not Mentioned,Positive,Not Mentioned,Not Mentioned,Not Mentioned
,Not Mentioned,Positive,Not Mentioned,Not Mentioned,Not Mentioned
,Not Mentioned,Positive,Not Mentioned,Not Mentioned,Positive
,Not Mentioned,Positive,Not Mentioned,Not Mentioned,Positive
,Not Mentioned,Positive,Not Mentioned,Not Mentioned,Not Mentioned
,Not Mentioned,Not Mentioned,Not Mentioned,Not Mentioned,Not Mentioned
,Not Mentioned,Positive,Not Mentioned,Not Mentioned,Not Mentioned
,Not Mentioned,Not Mentioned,Not Mentioned,Not Mentioned,Positive
,Not Mentioned,Not Mentioned,Not Mentioned,Not Mentioned,Not Mentioned
,Not Mentioned,Not Mentioned,Not Mentioned,Not Mentioned,Not Mentioned
,Not Mentioned,Not Mentioned,Not Mentioned,Neutral,Neutral
,Not Mentioned,Not Mentioned,Not Mentioned,Not Mentioned,Neutral
,Not Mentioned,Not Mentioned,Not Mentioned,Not Mentioned,Not Mentioned
,Not Mentioned,Neutral,Negative,Not Mentioned,Negative
,Not Mentioned,Not Mentioned,Not Mentioned,Not Mentioned,Positive
,Not Mentioned,Not Mentioned,Not Mentioned,Not Mentioned,Negative
,Not Mentioned,Not Mentioned,Not Mentioned,Not Mentioned,Positive
,Positive,Positive,Neutral,Not Mentioned,Positive
,Not Mentioned,Not Mentioned,Not Mentioned,Positive,Not Mentioned
,,,,,
Not Mentioned,659,405,494,555,159
Negative,1,72,113,31,61
Neutral,0,34,37,6,123
Positive,5,152,21,73,319
Total,665,663,665,665,662
,,,,,
Negative_rate,0.150%,10.860%,16.992%,4.662%,9.215%
Neutral_rate,0.000%,5.128%,5.564%,0.902%,18.580%
Positive_rate,0.752%,22.926%,3.158%,10.977%,48.187%
,,,,,
,,,,,
ȥ��NotMentioned,,,,,
,,,,,
Negative,1,71,110,30,59
Neutral,0,34,37,6,123
Positive,5,149,21,72,313
Total,6,254,168,108,495
,,,,,
Negative_rate,0.166666667,0.279527559,0.654761905,0.277777778,0.119191919
Neutral_rate,0,0.133858268,0.220238095,0.055555556,0.248484848
Positive_rate,0.833333333,0.586614173,0.125,0.666666667,0.632323232
