0.0012476926,0.00011562331,0.06277433,0.93586236
0.012521641,4.5819816e-05,0.0041087354,0.9833239
0.00029502227,1.5074493e-05,0.00033128483,0.9993586
7.1114155e-05,2.4835474e-05,0.00078799645,0.999116
0.002661486,0.0014860944,0.10452211,0.8913303
0.1382789,0.81586415,0.042553883,0.0033030664
0.0938291,0.00048592413,0.007353361,0.8983316
0.0028367308,0.9809878,0.015485109,0.00069037196
0.18819556,0.014624595,0.7357783,0.06140163
0.002236552,0.821459,0.17326884,0.0030355775
0.949857,0.00560149,0.019478435,0.02506314
8.455932e-05,1.2702049e-05,0.00041067996,0.99949205
4.4590484e-05,2.0563517e-05,0.00026845175,0.99966633
0.7622062,0.0012016989,0.017226709,0.2193654
0.15937589,0.00012234786,0.027025146,0.81347656
0.07393927,4.2086835e-05,0.0069284323,0.9190902
0.0009076125,0.0018504384,0.7167523,0.28048968
0.97920644,0.004334437,0.0053581838,0.01110088
0.32330963,0.001023105,0.13033715,0.5453301
0.85694665,0.00075592933,0.023639988,0.11865739
0.16248584,0.8229724,0.011401658,0.0031400719
0.0061850166,0.00036720926,0.2587185,0.73472923
0.005472408,2.163434e-05,0.0014497678,0.9930561
0.05411174,4.0525614e-05,0.0071694064,0.9386784
0.5530433,0.41271862,0.029510453,0.00472764
0.0055721416,3.84618e-05,0.002650274,0.99173915
0.00023254332,1.6809756e-05,0.00021008459,0.99954057
0.0038982567,0.00035154828,0.09462753,0.9011226
0.044324238,0.0013089214,0.2964797,0.65788716
0.0012166604,1.901079e-05,0.0022233669,0.99654084
0.018273858,6.264806e-05,0.0057291617,0.97593427
0.005057662,0.0036686652,0.18186983,0.80940384
4.477742e-05,1.7242452e-05,0.00011087867,0.9998272
0.84797156,0.00041814242,0.021075476,0.13053481
0.93741375,0.0014654397,0.016546713,0.044574045
0.0023170703,0.0032380638,0.31020275,0.6842422
0.54355705,0.39982095,0.05146351,0.0051584584
0.037039936,0.0059954836,0.75263673,0.20432782
0.49436554,0.0029082627,0.2797427,0.2229834
0.0014922385,0.063483626,0.86420465,0.070819475
0.046605803,4.7901e-05,0.0070501803,0.94629604
0.8281339,0.004853064,0.036094457,0.13091859
0.8064123,0.0015146345,0.03415029,0.15792274
0.0087831905,0.00314005,0.92747235,0.060604386
4.8812508e-05,1.74943e-05,0.00048602646,0.99944764
0.014560676,0.00034467416,0.100784846,0.8843098
0.6225618,0.0042842366,0.10395228,0.2692017
0.008561929,2.3254412e-05,0.0020785937,0.98933625
0.84333545,0.0032276765,0.049288914,0.1041479
0.005727788,0.00010952624,0.0058580716,0.9883046
0.04681829,5.057941e-05,0.005613156,0.9475179
0.015619004,3.819412e-05,0.002659322,0.9816835
0.00072380184,2.6273017e-05,0.0021616463,0.9970884
0.025479231,0.0103791505,0.3216657,0.6424759
0.0054738335,0.0065521244,0.58510524,0.40286884
0.0021311555,3.4214663e-05,0.0022142616,0.9956204
0.0005406638,2.9119776e-05,0.0029460657,0.99648404
0.0020431438,1.7347584e-05,0.0028476312,0.9950919
0.004052537,0.00028163582,0.0910439,0.90462196
0.840677,0.0011768015,0.02188214,0.13626404
0.006856462,3.689082e-05,0.006327749,0.986779
0.0048978436,7.431402e-05,0.005481467,0.98954636
0.002094348,1.9089422e-05,0.002146243,0.9957403
0.0007390003,2.653653e-05,0.0016832984,0.99755114
0.010689305,2.419697e-05,0.0052399486,0.98404664
0.85718906,0.00078793836,0.015723566,0.12629941
0.00016925759,0.00011310407,0.021231374,0.9784862
0.42854294,0.00043016,0.06054716,0.5104797
0.0045286813,6.1225444e-05,0.0034758584,0.9919342
0.93502074,0.0013230483,0.01680388,0.04685233
0.7953964,0.0013760849,0.03784565,0.16538183
0.7953964,0.0013760849,0.03784565,0.16538183
0.0003833659,2.8096627e-05,0.0037994601,0.9957891
0.7748485,0.00065505254,0.03564732,0.18884902
0.018908715,0.00018169172,0.045445293,0.9354643
0.02257479,2.422824e-05,0.003792241,0.97360873
0.31394386,0.5900095,0.09237873,0.003667857
0.00079176435,3.0022893e-05,0.0012311881,0.99794704
0.0029280684,0.004300523,0.5511375,0.4416339
0.0022798914,5.2360312e-05,0.008601181,0.9890665
0.007661796,0.0001730794,0.015752764,0.9764124
0.005637504,0.05182398,0.93749094,0.0050475686
0.19621955,0.019726383,0.5678658,0.21618825
0.010194623,2.4454295e-05,0.0031047247,0.9866763
0.002266148,4.755031e-05,0.002511842,0.99517447
0.6771156,0.00033281787,0.012791308,0.30976024
0.09062273,0.00011466689,0.0072881076,0.9019745
0.003834368,4.9188147e-05,0.022949578,0.9731669
0.7828964,0.00049623044,0.01278562,0.20382182
0.0074481615,0.106034376,0.8635752,0.022942303
0.0014154284,0.00015395606,0.017370453,0.98106015
0.000950403,2.6448566e-05,0.0024292867,0.9965939
0.6875198,0.02527279,0.19914621,0.088061154
0.9509591,0.0011744646,0.013316935,0.034549475
0.0006291196,0.4790334,0.44759613,0.07274131
0.04394419,5.4659366e-05,0.0027447252,0.9532564
0.0028238697,2.0714175e-05,0.0052019046,0.99195343
0.68904465,0.0004631582,0.017276295,0.29321584
0.8771119,0.0045329863,0.070380464,0.047974598
0.00059717067,0.2109794,0.6917838,0.09663969
0.70396686,0.00018003305,0.012238804,0.2836143
0.15261719,0.00018072806,0.012212537,0.83498955
0.04168547,2.9140818e-05,0.0046971645,0.95358825
0.8716077,0.00064022944,0.02198991,0.10576214
0.00094401947,0.0001020907,0.02170069,0.97725314
0.0023524347,0.00017621578,0.020281892,0.9771895
0.2720188,0.00020623123,0.010203579,0.7175714
0.00066471804,0.008477213,0.8346861,0.15617189
0.012821075,0.00011915322,0.007942795,0.979117
0.8603642,0.00047872003,0.017490018,0.12166697
0.34760776,0.00073639187,0.011708185,0.63994765
0.34760776,0.00073639187,0.011708185,0.63994765
0.0019048431,0.025855763,0.581659,0.39058042
0.0026653074,1.8169338e-05,0.0021322125,0.99518424
0.034130108,0.95939773,0.005247686,0.0012245029
0.6694276,0.0011098863,0.021330696,0.30813178
0.004000622,4.8628586e-05,0.0055855266,0.9903652
0.025443697,3.741812e-05,0.005851106,0.9686678
0.013272802,2.4018425e-05,0.00290413,0.983799
0.008608924,0.00010277476,0.008917899,0.9823705
0.009494441,0.00035997448,0.087521456,0.9026241
0.0007014661,0.049603343,0.89554626,0.054148886
0.00037104712,0.056351107,0.7726243,0.17065349
0.0009800844,0.037489366,0.87576526,0.08576525
0.004031188,0.00027224392,0.16327146,0.8324252
0.000172186,2.4925213e-05,0.00031898037,0.99948394
0.013946971,4.44134e-05,0.004247558,0.98176104
0.0037604806,0.8277687,0.16060479,0.007866026
0.15377073,0.00040903498,0.109920554,0.73589975
0.008608907,0.00010277476,0.008917874,0.9823705
0.0007008866,0.016196147,0.94277424,0.040328797
0.042478517,0.77685666,0.17589259,0.004772206
0.002178926,6.023722e-05,0.007964109,0.9897968
0.85393095,0.00061941665,0.04347863,0.101970926
0.008608907,0.00010277476,0.008917874,0.9823705
0.00070954626,0.0042261416,0.97432876,0.020735636
0.01926288,0.79077667,0.18562,0.0043404847
0.0021118934,4.7182744e-05,0.0012952631,0.99654573
0.002105008,0.098730706,0.77130765,0.12785663
0.6423579,0.000773888,0.037533008,0.3193352
0.1358941,0.000632236,0.13351442,0.72995925
0.0074407957,0.00019107621,0.12210237,0.8702657
0.0026236316,0.0001237847,0.016995875,0.98025674
0.0030228018,2.065967e-05,0.0033146292,0.9936419
0.00088690163,0.9923294,0.006165304,0.0006184039
0.0009569613,2.7322674e-05,0.00080997316,0.99820566
0.002376512,0.00021827503,0.03175312,0.96565205
0.0063614994,0.7159183,0.25906304,0.018657245
0.2855284,0.00049499195,0.009361639,0.70461494
0.9171187,0.001896569,0.034243636,0.04674108
0.021168737,0.9476688,0.03014739,0.0010150725
0.8304628,0.00085646054,0.04053337,0.12814736
0.81373054,0.0024358751,0.04540649,0.1384271
0.07109945,9.3131544e-05,0.013645331,0.9151621
0.5767679,0.0037964478,0.24923143,0.17020422
0.0063919704,1.641377e-05,0.0030279532,0.99056363
0.62490386,0.0006922958,0.020418493,0.35398543
0.85311383,0.001024679,0.023359697,0.122501686
0.0998736,7.2507646e-05,0.008462247,0.89159155
0.0006021085,0.00027733244,0.079377934,0.9197426
0.0019508572,0.00011608637,0.008274018,0.989659
0.004327301,3.1382155e-05,0.0030237418,0.99261755
0.0079230815,2.5513766e-05,0.002547782,0.9895036
0.13883488,0.004971716,0.44351044,0.41268298
0.0011647827,1.824534e-05,0.0019008537,0.99691606
0.011693099,0.00076618395,0.12322784,0.8643129
0.00581469,0.00072267844,0.19214958,0.80131304
0.3230622,0.0011759638,0.0330349,0.6427269
0.0013056776,0.9949891,0.0033020054,0.00040316375
0.0021130492,4.7613343e-05,0.0070276186,0.9908117
0.00066424336,0.0958102,0.7804641,0.12306149
0.010865988,0.68380356,0.29734716,0.007983327
0.0021655553,0.047969986,0.9328326,0.017031845
0.013874932,0.003247155,0.27680176,0.70607615
0.0033295003,9.992439e-05,0.013529141,0.9830414
0.7121996,0.0006887294,0.043282438,0.24382924
0.908408,0.0019852344,0.028694805,0.060912095
0.00014062432,4.682828e-05,0.0030159594,0.99679655
0.045692123,0.00097545394,0.31378296,0.6395495
0.00031552796,8.7325985e-05,0.008729613,0.9908675
0.0016735358,0.0025511133,0.9191676,0.07660788
0.0001874022,0.9149627,0.078650326,0.006199517
0.008441092,2.9253033e-05,0.0039851586,0.9875444
0.0039519,0.75708544,0.23637828,0.0025843582
0.00036495228,2.0577923e-05,0.00054818887,0.9990663
0.002360607,0.0003934422,0.10293542,0.89431053
0.3119799,0.0008739256,0.05093286,0.63621324
0.0021306057,2.0954014e-05,0.003835105,0.99401337
0.005063382,0.00018970831,0.006016718,0.98873025
0.00010387902,0.00027016006,0.014529822,0.98509616
0.24666081,0.0006388095,0.03155492,0.7211454
0.8384786,0.0009142922,0.020420179,0.14018692
0.00043424798,0.25207534,0.7308792,0.016611258
0.041107465,0.7602567,0.19281594,0.005819908
0.9640324,0.0031445627,0.013455889,0.019367095
0.88112336,0.0003547102,0.012811908,0.10571
0.0038909642,3.74183e-05,0.008942759,0.987129
0.005729907,0.005887404,0.97744817,0.010934411
0.0034288787,0.9658205,0.029418396,0.0013322749
0.00061608746,3.1989242e-05,0.0047502015,0.9946017
0.0014412757,0.9819625,0.015903689,0.0006925661
0.00068346463,0.5300664,0.45690808,0.012342032
0.0014138422,0.78473604,0.21011233,0.003737694
0.020978285,4.1276635e-05,0.0031808158,0.9757996
0.61850667,0.00036667223,0.015537092,0.36558956
0.0023370702,0.000105847845,0.013558844,0.9839983
0.0007603876,0.009570238,0.94174016,0.047929157
0.73602015,0.125194,0.08235366,0.056432173
0.009924706,7.90025e-05,0.02382732,0.96616894
0.060327105,0.577241,0.35917565,0.0032562478
4.3525128e-05,9.874425e-05,0.0051012337,0.99475646
0.72823876,0.00040716285,0.011269301,0.26008478
0.0003568226,2.1242473e-05,0.0030947113,0.99652725
0.82887185,0.0034199767,0.034285814,0.1334224
0.00087446586,0.9815911,0.0161812,0.0013532655
0.042038437,0.80639595,0.14619632,0.0053692707
0.0015966225,0.05848137,0.572308,0.36761394
0.0017017081,2.5241186e-05,0.0025661723,0.995707
0.22825384,0.0001604108,0.013763334,0.75782245
5.1683837e-05,1.1588216e-05,0.00023356095,0.9997031
0.8960859,0.07300782,0.018548684,0.012357508
0.576033,0.029152466,0.300533,0.094281554
0.9086943,0.06904079,0.017441517,0.0048233145
0.009146409,0.0021959012,0.8721434,0.11651428
0.005369635,0.00021799501,0.06893132,0.925481
0.9490459,0.00911904,0.035030525,0.0068045654
0.0034919938,3.457823e-05,0.0017095928,0.99476373
0.10527401,0.72697824,0.16180745,0.005940246
0.00058542826,0.9884305,0.010318828,0.000665352
0.53266263,0.00023622527,0.021052748,0.4460484
0.0009952231,0.21960866,0.74133486,0.038061276
0.2774288,0.00018520239,0.010627623,0.71175826
0.002072898,0.00871088,0.9811013,0.008115016
0.002419391,0.0031197164,0.93930656,0.055154234
0.0013274035,2.7567829e-05,0.0019133128,0.99673164
0.88596964,0.019482143,0.066079475,0.028468782
0.0049581733,0.0035030728,0.96956044,0.021978403
0.9564606,0.003484469,0.01326574,0.026789203
0.96136606,0.004044467,0.01252006,0.02206941
0.0018050859,2.219725e-05,0.0024591426,0.9957136
0.82537913,0.0012258072,0.022116544,0.15127853
0.00012023871,4.4212346e-05,0.0024557475,0.99737984
0.34760812,0.00073639106,0.011708179,0.6399473
0.9634947,0.0046060546,0.015969362,0.01592989
0.0017770902,7.366733e-05,0.0109789455,0.9871703
0.0012350194,0.0028662106,0.9399562,0.055942632
0.82887185,0.0034199767,0.034285814,0.1334224
0.0023963768,0.28999972,0.692238,0.015365901
0.0018905518,0.024362333,0.5726285,0.40111867
0.0031579642,0.612775,0.3809461,0.0031209379
0.0009485783,2.0356538e-05,0.0010581142,0.9979729
0.0021934004,0.0006330345,0.08041255,0.916761
0.008739567,5.6830762e-05,0.005375156,0.9858285
0.71063083,0.00038932258,0.01358423,0.2753956
0.040945094,3.6005174e-05,0.004985232,0.9540337
0.0039120843,0.32946303,0.6541629,0.012462
0.70151013,0.011478879,0.2784149,0.008596089
0.9204304,0.029874941,0.03633356,0.013361011
0.075170286,0.00025781395,0.025885658,0.89868635
0.00026570592,1.3167786e-05,0.000666221,0.99905485
0.0022590316,0.0020692484,0.888223,0.10744877
0.006485254,0.08650025,0.8541691,0.052845486
0.76546603,0.013365708,0.13296598,0.088202365
0.0010757503,0.002218088,0.29233745,0.70436865
0.7723631,0.0011984454,0.04298812,0.1834503
0.0018853324,2.2131699e-05,0.0027085748,0.9953839
0.007273162,3.2798514e-05,0.0047276574,0.98796636
0.5934492,0.0031356816,0.054099824,0.34931532
0.9152865,0.022422513,0.053091172,0.009199788
0.5629809,0.0011012075,0.02016641,0.41575155
0.0009918597,1.8593013e-05,0.0009717552,0.9980178
0.42748037,0.0048360364,0.35605785,0.21162571
0.00032899907,0.0005588542,0.070777,0.92833513
0.00067146134,0.053330734,0.86704624,0.078951575
0.00077609683,1.4993492e-05,0.0016058487,0.9976031
0.002318936,0.0052759736,0.5162323,0.47617278
0.9299458,0.0009287514,0.014748628,0.05437681
0.011396445,5.6862118e-05,0.009868941,0.97867775
0.00011780444,1.41055925e-05,0.0005580408,0.99931014
0.0009959387,0.021590864,0.9565782,0.020835027
0.008044107,0.0013496999,0.14545567,0.8451505
0.29783833,0.00018553209,0.018208347,0.6837678
0.0043757977,4.6505e-05,0.004388249,0.99118936
0.83191663,0.00034372485,0.0144571215,0.15328248
0.03430291,3.2906984e-05,0.0041804295,0.9614837
0.3505081,0.002598843,0.5686704,0.078222744
0.0006870747,0.020726042,0.9530564,0.025530515
0.0087182,0.9808383,0.009896394,0.0005471026
0.025273528,3.2439748e-05,0.0053125615,0.9693814
0.69812644,0.0008037581,0.028604867,0.27246493
0.05825285,5.9112637e-05,0.008597377,0.9330906
0.00070612365,0.27059728,0.6641504,0.06454622
0.006606605,0.9493522,0.04240783,0.0016333517
0.0007229022,0.02183716,0.8414649,0.13597514
0.0020144999,0.004808773,0.97210634,0.021070432
0.0063858656,8.003442e-05,0.0038354914,0.9896987
0.88173443,0.00025266508,0.018241242,0.09977165
0.0007575965,0.9939207,0.004737495,0.00058422086
0.035661995,0.17242602,0.72136945,0.07054255
0.00024168567,0.0011571057,0.09046114,0.90814006
0.026704002,5.5347187e-05,0.0073956256,0.965845
0.00041337506,2.7457168e-05,0.0013269609,0.9982322
0.586248,0.0006540359,0.032447275,0.38065064
0.009673285,0.0013475437,0.89036673,0.09861247
0.014980072,0.00051894493,0.33567092,0.64883006
0.23688574,0.027531052,0.71792644,0.017656706
0.9485418,0.0042591323,0.020512115,0.026687
0.0040708273,4.39163e-05,0.009694459,0.9861908
0.64663804,0.0626313,0.19696106,0.09376959
0.0010070531,0.024701504,0.9505032,0.023788325
0.04930189,0.79541415,0.151285,0.0039989604
0.009277791,4.3901502e-05,0.008459186,0.9822191
0.0001722202,0.00020978184,0.012888209,0.98672974
0.0013953355,2.8058566e-05,0.000964666,0.9976119
0.70776606,0.0003166163,0.010882938,0.28103435
0.0047530592,0.00022814007,0.07134879,0.92367005
0.004048947,0.002994371,0.9368372,0.056119453
0.053353038,8.6682594e-05,0.021862531,0.9246977
0.00018686258,0.000109106644,0.0016995983,0.9980044
0.004429983,0.00022589906,0.0046705753,0.9906736
0.0022956403,1.23256505e-05,0.0026131605,0.9950789
0.95929796,0.009125287,0.02068214,0.010894642
7.684359e-05,2.0667108e-05,0.0009935418,0.9989089
0.004596045,2.6470803e-05,0.0035317487,0.9918458
0.95763034,0.0044340403,0.01919236,0.018743321
0.012411004,0.86857843,0.117427126,0.0015833766
0.005926978,0.00012978425,0.005693261,0.98825
0.00047910187,0.008871263,0.69123846,0.29941118
0.032694712,4.587234e-05,0.009099066,0.9581603
0.0034300322,0.0003442838,0.073391266,0.9228344
0.027243042,0.00037337642,0.353595,0.6187886
0.0021521617,0.00013587922,0.004273043,0.9934389
0.0007051983,0.0062009436,0.8995987,0.09349512
0.0013356936,0.001932348,0.29379085,0.7029412
0.0009331129,0.7695988,0.22014505,0.009323111
0.0032331042,0.010931173,0.90638864,0.07944709
0.009044402,6.458283e-05,0.009337213,0.9815538
0.000107617314,1.3652523e-05,0.00021285076,0.99966586
0.8747951,0.025850756,0.06038544,0.038968705
0.001934063,0.33815485,0.6392527,0.020658297
0.0021910067,1.7156528e-05,0.001009724,0.99678206
0.7842705,0.011859134,0.13803582,0.06583456
0.0019429969,0.0035635883,0.81776553,0.17672786
0.8012166,0.0006314452,0.028588172,0.1695638
0.8888975,0.0028441392,0.024541242,0.08371725
0.19027877,0.1868473,0.4251002,0.19777371
0.00021984275,0.9056813,0.08822881,0.005870063
0.00045133542,4.508908e-05,0.0012132773,0.99829036
0.0005765611,2.7552607e-05,0.0013061031,0.99808985
0.9115465,0.004329063,0.029728964,0.054395407
0.020110432,4.211881e-05,0.0033551748,0.9764922
0.9718965,0.012459609,0.009639023,0.006004827
0.002539704,0.0001631534,0.021297498,0.9759996
0.0018837211,0.004627025,0.72832,0.26516923
0.0010512883,0.9853094,0.012421053,0.0012182521
0.23644872,0.017111406,0.41664654,0.32979336
0.0046384484,8.779403e-05,0.017461944,0.9778119
0.00020106022,0.000118136915,0.013312674,0.9863681
0.0016169928,0.0004483361,0.10558879,0.89234596
0.0019528264,0.0015137895,0.40712404,0.58940935
0.0015104141,0.0013954599,0.9029874,0.09410668
0.001054091,0.0016810033,0.67987144,0.31739348
0.0046370486,0.9409706,0.052932143,0.001460127
0.000119523924,0.0018498902,0.059035067,0.9389955
0.0017342926,4.024187e-05,0.0044287997,0.9937967
0.0021088345,0.00022121218,0.06966942,0.92800057
0.0042335987,0.9854783,0.009533068,0.0007550794
0.0020396418,0.01401755,0.9618905,0.022052262
0.0006788875,0.18823558,0.65656894,0.15451656
0.009083747,6.632233e-05,0.004019257,0.98683065
0.5358894,0.012706888,0.4206859,0.030717812
0.1376868,0.49958473,0.35036173,0.012366708
0.0005242358,1.0966835e-05,0.0005557703,0.998909
0.008961554,6.4685526e-05,0.0029622978,0.98801154
0.00047404628,2.9086441e-05,0.001767224,0.9977297
0.0004154807,0.025027458,0.313368,0.661189
0.012504073,3.6435267e-05,0.010300069,0.97715944
0.0015239285,0.0019765988,0.8856627,0.110836826
0.0036287587,6.597554e-05,0.0029237755,0.9933815
0.00042288745,2.9355579e-05,0.0026608806,0.9968868
0.28552917,0.0004949928,0.009361642,0.70461416
0.0006800701,1.8306788e-05,0.00070746726,0.9985941
0.30696863,0.0038593106,0.21063316,0.47853896
0.025826668,0.90076345,0.07063615,0.0027737566
0.0054100505,0.000112599635,0.017529592,0.97694767
0.03914768,6.514963e-05,0.0064426214,0.95434463
0.0016043031,0.64831704,0.31153965,0.03853898
0.9315187,0.0027600392,0.009362452,0.05635887
0.0009416535,0.0001128307,0.008349525,0.99059594
0.0011953821,0.092781544,0.89838713,0.007635911
0.002083932,0.99395955,0.0036644726,0.00029201614
0.007092945,0.00028106806,0.06356356,0.9290624
6.966661e-05,3.8642338e-05,0.00026989527,0.99962175
0.00053990085,0.004903939,0.5915088,0.40304738
0.0063433303,0.00016910651,0.03631729,0.9571702
0.035552196,0.0009541594,0.17751633,0.78597736
0.0017327738,0.97183686,0.025543138,0.0008871966
0.43369117,0.36714974,0.18291068,0.016248457
0.005372673,4.1537885e-05,0.0028232066,0.99176264
0.3587595,0.524689,0.1084838,0.008067711
0.014039901,0.00047051732,0.095167786,0.89032185
0.0017094434,3.6489433e-05,0.0008247768,0.9974292
0.018892366,4.9863986e-05,0.0035682707,0.97748953
0.00285802,0.9847573,0.011789172,0.0005954152
0.0047073564,1.4217785e-05,0.0025669183,0.99271154
0.008622026,3.763187e-05,0.003722874,0.98761755
0.0023348937,0.001141079,0.16141193,0.8351121
0.5729028,0.3468607,0.06894726,0.011289234
0.8885798,0.009764092,0.053642232,0.048013818
0.00039656207,0.0001639001,0.024061497,0.97537804
0.0017875461,0.0017524647,0.98332214,0.013137933
0.0060942573,2.6477648e-05,0.0017250595,0.9921543
0.094805725,0.0036573391,0.58768564,0.31385127
0.00033223926,0.040013593,0.74741197,0.21224222
0.006802486,0.88407964,0.107115865,0.0020019806
0.35836467,0.5428508,0.084668316,0.014116168
0.031695582,0.9343071,0.032440305,0.0015570223
0.06120187,0.6222127,0.30425522,0.01233023
0.7464764,0.0033893017,0.08632306,0.16381112
0.0008378552,2.7367054e-05,0.0044804695,0.9946543
0.004987315,0.0035635305,0.97476023,0.016688995
0.001002517,0.00981139,0.97982955,0.009356573
0.0221157,9.733904e-05,0.009108986,0.968678
0.08080142,0.00013736973,0.022717241,0.89634395
0.28552872,0.0004949922,0.009361643,0.7046146
0.0026780684,0.6681292,0.32586455,0.0033281913
0.13221316,0.019179046,0.8302685,0.018339347
6.5620865e-05,1.6643167e-05,0.00019078309,0.99972695
0.16777077,0.7100179,0.11792826,0.0042830356
0.88022125,0.00068198435,0.017305791,0.101791024
0.0005854154,0.010148775,0.8962078,0.093058005
0.014586298,0.06855095,0.83410686,0.08275583
0.042901926,0.000112192785,0.019258924,0.937727
0.004070123,0.00028460086,0.021448473,0.9741968
0.005655622,6.0027716e-05,0.0030415491,0.99124277
0.07043564,0.0011467763,0.25864005,0.6697775
0.035912514,8.967598e-05,0.007903055,0.95609474
0.003916556,0.97036797,0.024847092,0.0008683241
0.0072240415,0.00010414103,0.013797288,0.9788745
0.069126606,0.009711372,0.07104756,0.8501145
0.0037921567,0.0039062803,0.93454504,0.057756606
0.0004880421,0.01976558,0.68182135,0.29792506
0.006824949,0.0035226536,0.9700066,0.019645846
0.14127673,0.016800465,0.8051576,0.036765188
0.8797502,0.10172238,0.015466888,0.003060549
0.9087203,0.00037668317,0.011288786,0.079614304
0.00018048627,0.00012742967,0.0048714057,0.9948207
0.0004115249,1.514592e-05,0.000975339,0.99859804
0.0048977393,0.005414333,0.98159915,0.008088707
0.0013767171,0.0005295846,0.10158644,0.8965073
0.0011685297,0.99453694,0.0039874646,0.00030700953
0.6354443,0.00050297094,0.017099228,0.34695354
0.00046788785,3.6633624e-05,0.0017814658,0.99771404
0.62402153,0.0006772136,0.06715289,0.30814838
0.008722702,3.281245e-05,0.0065171956,0.98472726
0.8889864,0.00064073916,0.017379448,0.09299347
0.043078456,0.00014439768,0.012894683,0.9438825
0.0002673477,2.5577694e-05,0.0013082004,0.99839884
0.0011083297,0.14086345,0.8009481,0.057080116
0.97880083,0.004025694,0.009264466,0.007909093
0.0006239584,0.7055689,0.28243345,0.0113737155
0.015150909,0.73149824,0.24856187,0.004789045
0.00023280396,0.004259608,0.13051496,0.8649927
0.055688143,5.4654603e-05,0.014632575,0.92962474
0.32931337,0.0017201259,0.18352906,0.48543748
0.0010825327,3.660931e-05,0.004256255,0.99462456
0.0010967259,3.0376124e-05,0.0069767414,0.9918962
0.020206325,0.0008274486,0.5246789,0.45428735
0.0022529003,2.0753589e-05,0.0034456325,0.9942808
0.040717535,0.0016606805,0.56495136,0.39267042
0.001430923,2.7108117e-05,0.0024824038,0.99605966
0.002189052,0.0010717507,0.20306541,0.7936737
0.00027684038,6.995343e-05,0.0017437997,0.99790937
0.77547014,0.000837197,0.023961138,0.1997316
0.0045827376,0.0009959225,0.27686012,0.71756124
0.017275766,3.1477713e-05,0.0055967243,0.977096
0.26604384,0.0013184183,0.24370338,0.4889343
0.01327606,2.5865997e-05,0.002679672,0.9840184
8.004395e-05,1.5722078e-05,0.00016052109,0.99974364
0.00092491746,0.021882635,0.9710151,0.0061773052
0.0014624563,0.9902165,0.007869512,0.00045160105
0.049602583,0.592386,0.34536463,0.012646791
0.0002387838,2.2692217e-05,0.0010295107,0.9987091
0.74885494,0.0007293455,0.028277066,0.22213861
0.004347378,0.018228136,0.94442326,0.03300134
4.7655074e-05,1.3447592e-05,0.00025400158,0.99968493
0.61036366,0.00017969719,0.011604851,0.37785178
0.8967769,0.008035306,0.038102385,0.057085346
0.0014442154,0.9353012,0.0585924,0.004662214
0.1858247,9.81218e-05,0.007893103,0.80618405
0.0016702615,1.7517397e-05,0.0019645575,0.9963477
0.00810761,0.0049143,0.96309227,0.023885813
5.111774e-05,1.3887381e-05,0.00045719114,0.9994778
0.083837226,0.0010045592,0.110538065,0.8046202
0.042656604,5.061265e-05,0.008961337,0.9483314
0.14623418,0.0048134928,0.7048377,0.14411467
0.0033470488,2.4389643e-05,0.007055453,0.98957306
0.015405009,3.0378033e-05,0.0045217597,0.9800428
0.0024619272,0.54310983,0.44420683,0.010221444
0.8345432,0.0004000403,0.01844614,0.14661068
0.000489093,3.3589473e-05,0.0022720562,0.9972052
0.007379508,2.892065e-05,0.0028556539,0.98973596
0.010446994,0.00015905753,0.043791603,0.94560236
0.0034018657,0.00037938738,0.31897524,0.67724353
0.00024588028,0.00022306136,0.020064307,0.9794668
0.061641447,0.00017279311,0.04631582,0.89186996
0.00078389706,0.9966215,0.002274545,0.00032002598
0.0027928175,0.006626575,0.9638163,0.02676435
0.0030101116,8.6552136e-05,0.003464632,0.9934388
0.0003813315,0.9682456,0.029946886,0.0014260942
0.82887155,0.003419966,0.034285773,0.13342266
0.0015325379,0.002768644,0.96588045,0.029818375
0.012052028,0.0007963751,0.099308036,0.8878435
0.0012584025,1.5938593e-05,0.00069877156,0.9980269
0.0014918498,0.98712003,0.01039891,0.0009892243
0.04007923,8.73196e-05,0.0050184764,0.954815
0.008729235,0.0002654943,0.073579356,0.9174259
0.0008500946,4.433428e-05,0.0024361345,0.9966695
0.08394422,0.0069039054,0.63003796,0.2791139
0.078546196,8.147854e-05,0.01045571,0.9109167
0.0176004,0.0004913508,0.3544954,0.6274128
0.0010678743,0.010060099,0.3730736,0.6157984
0.6058124,0.00604119,0.10490346,0.28324297
0.84556603,0.063032955,0.0822369,0.009164122
0.002658255,1.953226e-05,0.0018934052,0.9954288
0.019253837,0.0001923767,0.040601224,0.9399525
0.04569213,0.00097545463,0.31378284,0.6395496
0.0008603592,0.019592613,0.5030159,0.47653115
0.008805327,0.001335193,0.16931143,0.82054806
0.0015680144,0.0028484974,0.39938852,0.596195
0.51250833,0.01273084,0.41946277,0.05529806
0.0007759365,0.006378244,0.9663974,0.026448485
0.021766717,0.0027359412,0.4201872,0.55531013
0.0019005614,0.9848636,0.012362631,0.00087325205
0.14879572,0.004061722,0.21985278,0.6272898
0.8406168,0.0019391706,0.049119856,0.108324125
0.0020215958,0.99229723,0.00537509,0.00030603635
0.0017615034,0.079170875,0.9073308,0.011736812
0.0012367446,0.00012563904,0.008367766,0.9902698
0.012955987,0.00015111775,0.008937597,0.9779553
0.00019954718,3.3541222e-05,0.0030061195,0.9967608
0.011093176,0.63658637,0.34621456,0.0061058863
0.010250217,5.0773542e-05,0.011336103,0.9783629
0.01874501,0.00016551216,0.023047775,0.9580418
0.0012098489,0.011008644,0.95324,0.034541484
0.98131853,0.004941919,0.0038892948,0.009850245
0.023300337,0.0018491764,0.58924407,0.38560647
0.018301025,0.9219903,0.057377543,0.002331134
0.03978567,0.00029374982,0.06853135,0.8913892
0.78954494,0.04985173,0.10140406,0.059199255
0.18319699,0.65807676,0.14780295,0.010923294
0.0021433278,7.047719e-05,0.008801827,0.98898435
0.75024396,0.10670146,0.12647514,0.016579386
0.97508395,0.0016627779,0.007984668,0.015268595
0.83634675,0.048535936,0.0463964,0.06872094
0.00030684142,0.0064944606,0.18900804,0.8041907
0.96206725,0.009233692,0.010862799,0.017836276
0.34760818,0.00073639106,0.011708189,0.6399473
0.8778195,0.013810289,0.07074559,0.037624605
0.7628136,0.0014417702,0.03273474,0.20300989
0.13091475,0.0001508423,0.018523237,0.85041124
0.02411854,0.00015233106,0.02330612,0.95242304
0.035159495,0.9487701,0.014750439,0.0013198731
0.3162651,0.005776086,0.6384472,0.039511573
0.010680551,7.554174e-05,0.009714231,0.9795297
0.00095453754,1.4181001e-05,0.002287301,0.9967439
0.40195313,0.5085249,0.07804119,0.011480814
0.0040489417,8.140271e-05,0.00263158,0.993238
0.7357884,0.21550165,0.045862816,0.0028472166
0.0020796475,0.6379719,0.3541884,0.0057600536
0.0019695144,0.034791626,0.49709234,0.4661465
0.017941285,0.0006205117,0.08083965,0.90059865
6.631948e-05,1.3517172e-05,0.00037958217,0.99954057
0.12928416,0.66566217,0.19922343,0.0058302497
0.8385234,0.0009644669,0.049916007,0.11059608
0.13468711,0.0062447917,0.65358543,0.2054827
0.9767272,0.003938529,0.008210345,0.011123899
0.0010014623,0.9708575,0.027215222,0.00092581345
0.029787261,7.448037e-05,0.006738949,0.96339935
0.011862592,0.638097,0.34537268,0.0046677804
0.9572203,0.019488767,0.014253647,0.009037263
0.00011656169,2.2646565e-05,0.00075402926,0.9991067
0.7768874,0.001349818,0.025281593,0.19648112
0.00070623594,0.9937285,0.005208573,0.00035662256
0.004099786,0.9771014,0.018001255,0.00079761044
0.9580015,0.0068936544,0.017857915,0.017246904
0.2995498,0.0029931967,0.35363185,0.34382516
0.0020677778,2.8470728e-05,0.0018871307,0.99601656
0.006214221,0.0012129167,0.8339758,0.1585971
0.029084843,0.8934218,0.075347915,0.002145466
0.9433364,0.004161804,0.01848042,0.034021273
0.00040151112,0.0008871593,0.04138475,0.9573266
0.0014666406,0.00012437743,0.027666487,0.97074246
0.007672805,9.773448e-05,0.011848696,0.98038083
0.0027655966,0.0038295684,0.9810939,0.012310991
0.011697569,0.8375054,0.14787662,0.0029203873
0.09652656,0.032759514,0.71744686,0.15326716
0.00067191035,3.0964133e-05,0.0008085135,0.99848855
0.0021478285,0.0011347171,0.12629914,0.8704183
0.0013645393,0.00011695595,0.02790274,0.9706158
0.005634231,0.000102356564,0.024774212,0.9694892
0.001070381,0.010226699,0.9668419,0.021861026
0.0035061662,0.023273371,0.9660039,0.0072165392
0.00078504963,0.03400446,0.945961,0.01924952
0.010741936,0.16321933,0.8212713,0.0047673495
0.701841,0.00517471,0.0620613,0.23092297
0.006485243,0.08650018,0.85416925,0.052845433
0.94657004,0.0063188854,0.021851057,0.025259903
0.95317453,0.008885207,0.014345489,0.023594748
0.0021058896,0.0004537353,0.117598124,0.8798423
0.67481494,0.0002574627,0.02237032,0.30255726
0.8501963,0.0053253165,0.055511836,0.08896652
0.0050633843,0.00018970795,0.006016718,0.98873025
0.9098844,0.001735475,0.01600949,0.07237064
0.0024928837,0.009300709,0.965701,0.022505378
0.002330829,0.00047974102,0.31475765,0.68243176
0.0140966615,0.0025756063,0.1435333,0.83979446
0.050615687,0.0019787299,0.30568165,0.6417239
0.88694745,0.029699253,0.05916545,0.02418779
0.8905419,0.042983185,0.042615846,0.023859087
0.3577521,0.602729,0.03457249,0.004946348
0.00015235881,1.4646692e-05,0.00041245206,0.9994205
0.0011757239,0.011474285,0.97287524,0.014474759
0.0026931535,0.008475067,0.9706405,0.018191302
0.01213953,0.007523117,0.9741052,0.006232227
0.005445044,0.026552722,0.46968445,0.49831775
0.95912015,0.009669834,0.014732808,0.016477194
0.0026751908,0.0029729116,0.9713004,0.023051457
0.819424,0.0047975727,0.05396836,0.12181008
0.002252748,7.697182e-05,0.006060212,0.9916101
0.7894701,0.014573829,0.11077449,0.08518163
0.053327795,5.4732704e-05,0.005292168,0.9413253
0.008577015,0.00013394379,0.028184474,0.96310455
0.266555,0.00072878285,0.10302524,0.62969095
0.0024834604,2.6353066e-05,0.001050303,0.9964399
0.0022377623,3.629542e-05,0.003292533,0.99443346
0.71150506,0.0008663797,0.016223155,0.27140537
0.033229012,4.324107e-05,0.0035698526,0.9631579
0.39658356,0.001122411,0.11947918,0.48281482
0.3476073,0.00073639053,0.011708171,0.63994807
0.008777438,0.000114065624,0.009476442,0.981632
0.00078431127,1.7636172e-05,0.0009314926,0.9982666
0.79924357,0.0007296935,0.025314927,0.17471175
0.101666026,0.00020194626,0.015629929,0.88250214
0.0016883248,0.08163563,0.8734378,0.043238174
0.3766397,0.00016105268,0.008276493,0.61492276
0.90997785,0.0010372306,0.026685612,0.062299248
0.7619436,0.0010856881,0.042555984,0.19441473
0.031067174,3.8527272e-05,0.004636424,0.9642578
0.13154814,9.43776e-05,0.012995988,0.8553615
0.9231935,0.00223114,0.019394,0.055181418
0.15052274,0.0003770595,0.026253821,0.8228464
0.865731,0.0007819937,0.0166035,0.116883546
7.6263525e-05,1.7324026e-05,0.00026320538,0.9996432
0.3476073,0.00073639053,0.011708171,0.63994807
0.3476073,0.00073639053,0.011708171,0.63994807
0.0016700203,0.007862158,0.96888286,0.021584932
0.0024928874,0.0093007,0.965701,0.022505336
0.55976427,0.00060680846,0.024620391,0.41500854
0.0029779763,0.9889987,0.0072098626,0.0008134718
0.012336043,0.00033866757,0.20122258,0.78610265
0.0014014516,0.9845509,0.012274652,0.0017729326
0.68299246,0.0006935869,0.048032515,0.26828146
0.0021037012,0.0005506848,0.11196754,0.8853781
0.8359161,0.00043970544,0.018752158,0.144892
