model,w-precision,w-recall,w-f1,precision,recall,f1,acc
bayes,0.7131219,0.727447217,0.714311949,0.682968388,0.650523947,0.659014818,0.727447217
bayes,0.769902524,0.762380038,0.764158466,0.755564553,0.763352783,0.757379048,0.762380038
bayes,0.718038912,0.692898273,0.695238431,0.698984535,0.705237361,0.691691166,0.692898273
bayes,0.729742878,0.672552783,0.686274213,0.652500054,0.681170691,0.649208983,0.672552783
bayes,0.623138299,0.411516315,0.424100971,0.505352234,0.505948151,0.410092057,0.411516315
bayes,0.829515865,0.508637236,0.571334366,0.570312244,0.637075695,0.470041718,0.508637236
bayes,0.810987592,0.811516315,0.806699157,0.810051609,0.779734151,0.789643816,0.811516315
bayes,0.742121344,0.745489443,0.701666287,0.738756566,0.610978816,0.61410641,0.745489443
bayes,0.701625933,0.713243762,0.697756093,0.685899359,0.649170146,0.655826064,0.713243762
bayes,0.74952432,0.758448541,0.750155988,0.726066368,0.696867223,0.706560851,0.758448541
ada,0.897710558,0.896737044,0.893829164,0.900876155,0.85797663,0.874917913,0.896737044
ada,0.865195167,0.852975048,0.854312382,0.849309012,0.8623291,0.850835314,0.852975048
ada,0.798907845,0.798848369,0.798877628,0.791785562,0.791955384,0.791869965,0.798848369
ada,0.889625239,0.889827255,0.889722493,0.86807015,0.866672829,0.867366314,0.889827255
ada,0.8499774,0.839539347,0.843191742,0.789137085,0.8167798,0.800614295,0.839539347
ada,0.931031213,0.928598848,0.929641342,0.850893487,0.872007688,0.860948488,0.928598848
ada,0.903180518,0.902879079,0.90300625,0.895586556,0.897663992,0.896598781,0.902879079
ada,0.87810331,0.874472169,0.867967999,0.886425359,0.81324047,0.838154767,0.874472169
ada,0.815969709,0.812284069,0.802242683,0.820993818,0.758133548,0.774866693,0.812284069
ada,0.881024336,0.881336406,0.88116875,0.865074093,0.863016681,0.864030653,0.881336406
svm,0.892010465,0.890211132,0.886520036,0.897060377,0.846788482,0.865801563,0.890211132
svm,0.867885674,0.868330134,0.867945403,0.86466651,0.860428343,0.862372292,0.868330134
svm,0.805556439,0.800767754,0.794929821,0.810125722,0.775458684,0.783788906,0.800767754
svm,0.886944972,0.888291747,0.88547401,0.88069711,0.844045262,0.859330316,0.888291747
svm,0.847868904,0.851055662,0.849051868,0.809290751,0.793074488,0.800536932,0.851055662
svm,0.931876054,0.934740883,0.932203089,0.890582229,0.834142519,0.859043258,0.934740883
svm,0.895084098,0.89328215,0.89138541,0.899360461,0.871860941,0.882382768,0.89328215
svm,0.865296896,0.852975048,0.840399689,0.884739313,0.770326203,0.800714835,0.852975048
svm,0.82780476,0.798848369,0.776768846,0.852049497,0.720888809,0.739795164,0.798848369
svm,0.87838481,0.874039939,0.868276476,0.887469541,0.821968665,0.844174723,0.874039939
logic,0.8799301511968718,0.8763915547024952,0.8709065961018012,0.8878751428497221,0.8241683252000754,0.8462765200996369,0.8763915547024952
logic,0.8691031667760657,0.8694817658349329,0.8687434268004511,0.8676035595663345,0.8593733534937178,0.8628943972616652,0.8694817658349329
logic,0.8056608764513139,0.7969289827255278,0.7892112896904697,0.812608678934124,0.7678327616941993,0.776929645292487,0.7969289827255278
logic,0.8855634837645021,0.8863723608445297,0.8828299648724331,0.8824364118645401,0.837393511081647,0.8554405699287589,0.8863723608445297
logic,0.8374444323801784,0.836468330134357,0.8369361336944817,0.7862397354014599,0.7895339769088073,0.7878557435113944,0.836468330134357
logic,0.9266963527158308,0.9293666026871401,0.9275420826408414,0.8707121345673572,0.8342696629213483,0.8510366397903597,0.9293666026871401
logic,0.8909310896585725,0.89021113243762,0.8886252576179761,0.8929637275022102,0.8708494572911751,0.8796705334208499,0.89021113243762
logic,0.8623533303625953,0.8460652591170825,0.8309786771638089,0.8857241747984372,0.7565574556030568,0.7876848881590889,0.8460652591170825
logic,0.8246284752010327,0.7915547024952015,0.7664928053454159,0.8507978452544243,0.7094894841657533,0.7268327359250829,0.7915547024952015
logic,0.874078552712605,0.8701996927803379,0.8642605148587432,0.8821888962073452,0.8175807021280611,0.8394239526411658,0.8701996927803379
decisionTree,0.8449630373346413,0.8460652591170825,0.8454283604861254,0.824175134517798,0.8188535565875319,0.8214045441264242,0.8460652591170825
decisionTree,0.8230794602628322,0.818809980806142,0.8198732724258194,0.8115654917280346,0.8189759006619108,0.814138284647347,0.818809980806142
decisionTree,0.739666453266163,0.7416506717850287,0.7400946445827283,0.7329732091074536,0.7274229995375641,0.729596939936223,0.7416506717850287
decisionTree,0.8416961940727659,0.8380038387715931,0.8394893242626866,0.8038140488193879,0.8151714305141216,0.8090083046665972,0.8380038387715931
decisionTree,0.7932040686615132,0.7627639155470249,0.7723881917805899,0.70765908479736,0.7446859647017926,0.7182946034856863,0.7627639155470249
decisionTree,0.8771149579452178,0.8564299424184261,0.8644416972315152,0.7232284513043675,0.7795712596096984,0.7452345389238593,0.8564299424184261
decisionTree,0.8477629302422284,0.8476007677543186,0.8476786015814504,0.8371412872841444,0.8378307377693881,0.8374823702271932,0.8476007677543186
decisionTree,0.814071876843747,0.818809980806142,0.8147587908704369,0.7922550617805374,0.7671834156965036,0.7774510144625346,0.818809980806142
decisionTree,0.7882723019711392,0.7892514395393474,0.7789380930078437,0.7868476018016681,0.735113944722155,0.7489250957981871,0.7892514395393474
decisionTree,0.8155130288266914,0.8168202764976958,0.8160852604334806,0.7914596716802091,0.7868184502063893,0.7890366692703596,0.8168202764976958
random,0.886397592956074,0.8809980806142035,0.8752629637692714,0.8977630843363957,0.8272306765595301,0.8511191459801155,0.8809980806142035
random,0.8595504185304256,0.8591170825335892,0.8592963627273732,0.8530886141070138,0.8548905678317702,0.8539495945951108,0.8591170825335892
random,0.7927176054344084,0.7888675623800384,0.7826463181482869,0.7963766741309228,0.7630690005649283,0.7708210166125371,0.7888675623800384
random,0.8890912338410957,0.889827255278311,0.8865381629045227,0.8861388470985815,0.8424895388006379,0.8601512338606722,0.889827255278311
random,0.8525985790842843,0.8537428023032629,0.8531276987722295,0.8102286663579822,0.805053082671146,0.8075738549151013,0.8537428023032629
random,0.9380444709874417,0.9401151631477928,0.9385682874563654,0.8946305273982664,0.8558367829686575,0.8737049772135659,0.9401151631477928
random,0.9000164847315997,0.8994241842610364,0.8981457423634654,0.9018816616941907,0.8819207173194903,0.8900940169508775,0.8994241842610364
random,0.8692239863463471,0.8621880998080614,0.8528538316177898,0.8823740842490843,0.78997426324547,0.8179622682349663,0.8621880998080614
random,0.8321746634780183,0.8095969289827255,0.7917154835257846,0.853059067886164,0.7382169989919602,0.7586348094304434,0.8095969289827255
random,0.8696526754141742,0.8678955453149002,0.8626752886378277,0.8737765521777767,0.8186685935060838,0.8381720430107527,0.8678955453149002
random,1.0,1.0,1.0,1.0,1.0,1.0,1.0
random,0.8099999999999999,0.9,0.8526315789473685,0.45,0.5,0.4736842105263158,0.9
random,0.64,0.8,0.7111111111111111,0.4,0.5,0.4444444444444445,0.8
random,0.8099999999999999,0.9,0.8526315789473685,0.45,0.5,0.4736842105263158,0.9
random,0.48999999999999994,0.7,0.5764705882352941,0.35,0.5,0.4117647058823529,0.7
random,1.0,1.0,1.0,1.0,1.0,1.0,1.0
random,1.0,1.0,1.0,1.0,1.0,1.0,1.0
random,1.0,1.0,1.0,1.0,1.0,1.0,1.0
random,0.8099999999999999,0.9,0.8526315789473685,0.45,0.5,0.4736842105263158,0.9
random,1.0,1.0,1.0,1.0,1.0,1.0,1.0
cnn_epoch_2_batch_size_20,0.81,0.9,0.8526315789473685,0.45,0.5,0.4736842105263158,0.9
cnn_epoch_2_batch_size_20,0.7511111111111112,0.8666666666666667,0.8047619047619048,0.43333333333333335,0.5,0.4642857142857143,0.8666666666666667
cnn_epoch_2_batch_size_20,1.0,1.0,1.0,1.0,1.0,1.0,1.0
cnn_epoch_2_batch_size_20,0.8148148148148148,0.8333333333333334,0.8230008984725966,0.611111111111111,0.5865384615384616,0.5956873315363882,0.8333333333333334
cnn_epoch_2_batch_size_20,0.9683333333333334,0.9666666666666667,0.9663003663003662,0.975,0.9545454545454546,0.9633699633699633,0.9666666666666667
cnn_epoch_2_batch_size_20,0.9027777777777778,0.7666666666666667,0.7957136342909256,0.7083333333333334,0.86,0.7127222982216141,0.7666666666666667
cnn_epoch_2_batch_size_20,0.9435897435897436,0.9333333333333333,0.9342592592592591,0.9230769230769231,0.9473684210526316,0.9305555555555556,0.9333333333333333
cnn_epoch_2_batch_size_20,0.9333333333333333,0.9333333333333333,0.9333333333333333,0.9305555555555556,0.9305555555555556,0.9305555555555556,0.9333333333333333
cnn_epoch_2_batch_size_20,1.0,1.0,1.0,1.0,1.0,1.0,1.0
cnn_epoch_2_batch_size_20,0.9555555555555556,0.9333333333333333,0.9386666666666666,0.8333333333333333,0.9615384615384616,0.8800000000000001,0.9333333333333333
cnn_epoch_2_language_256_cnode_64,0.8633717812567234,0.852975047984645,0.8423688741280655,0.8795501962329116,0.7823481848386304,0.809360220838447,0.852975047984645
cnn_epoch_2_language_256_cnode_64,0.849991286291039,0.8464491362763915,0.8472903594986934,0.8395501813060026,0.8470819926432568,0.8423310551532626,0.8464491362763915
cnn_epoch_2_language_256_cnode_64,0.801908202846489,0.800767754318618,0.7968002055766678,0.8033533743937116,0.7799881767700986,0.7867448836327828,0.800767754318618
cnn_epoch_2_language_256_cnode_64,0.8944571709258187,0.8955854126679462,0.8947975656738631,0.8786172506777896,0.8673570208317397,0.8726756513926326,0.8955854126679462
cnn_epoch_2_language_256_cnode_64,0.8464049446717562,0.8218809980806142,0.8287346035801497,0.7721846351567376,0.8179468957943019,0.7872505202920959,0.8218809980806142
cnn_epoch_2_language_256_cnode_64,0.9447369022262709,0.945489443378119,0.9450634282428454,0.8951498156134301,0.8829863985807215,0.8889207193442686,0.945489443378119
cnn_epoch_2_language_256_cnode_64,0.9104399174744633,0.9105566218809981,0.9104913265259437,0.9049798184544394,0.9037989617744219,0.9043815468744117,0.9105566218809981
cnn_epoch_2_language_256_cnode_64,0.8986208138754639,0.8978886756238004,0.8947140516394656,0.9011607318512689,0.8540192671483454,0.8726873797481565,0.8978886756238004
cnn_epoch_2_language_256_cnode_64,0.8616353300610595,0.8556621880998081,0.849333450338308,0.8710685237681581,0.8106493121649303,0.8293439005794238,0.8556621880998081
cnn_epoch_2_language_256_cnode_64,0.9241888377062535,0.924347158218126,0.9233722321125262,0.923217805233435,0.9019300298462394,0.911413138550502,0.924347158218126
cnn_epoch_2_language_256_cnode_128,0.8618661098554987,0.8522072936660269,0.8417401606333272,0.8770973200004353,0.7821043227689164,0.8087284333763519,0.8522072936660269
cnn_epoch_2_language_256_cnode_128,0.853358925143954,0.853358925143954,0.853358925143954,0.8475855938205317,0.8475855938205317,0.8475855938205317,0.853358925143954
cnn_epoch_2_language_256_cnode_128,0.8112908796051773,0.8080614203454894,0.8033743745344927,0.8148065863901557,0.7852723308356913,0.7931693975187315,0.8080614203454894
cnn_epoch_2_language_256_cnode_128,0.9036113771437682,0.9047984644913628,0.9035893458593578,0.8933966819834174,0.873892968544158,0.8827808042408223,0.9047984644913628
cnn_epoch_2_language_256_cnode_128,0.8646174528310511,0.8637236084452975,0.8641453914192836,0.8213347573824439,0.8253378617420222,0.8232973326309365,0.8637236084452975
cnn_epoch_2_language_256_cnode_128,0.9456125652004922,0.946257197696737,0.9458983730268191,0.8960564420516608,0.8856179775280899,0.8907290800269417,0.946257197696737
cnn_epoch_2_language_256_cnode_128,0.9098624751375965,0.9101727447216891,0.9099211763939574,0.9059542717225861,0.9014314928425358,0.9035835896761033,0.9101727447216891
cnn_epoch_2_language_256_cnode_128,0.8994354111909341,0.8963531669865643,0.892088813058469,0.9079199584165494,0.8455270409538016,0.8686116906173784,0.8963531669865643
cnn_epoch_2_language_256_cnode_128,0.8650354639807623,0.8506717850287908,0.8413234388577591,0.8825285338015803,0.7959968270687783,0.8185533292186,0.8506717850287908
cnn_epoch_2_language_256_cnode_128,0.9199691685636677,0.9205069124423964,0.9198326071928979,0.9151189296574884,0.9012627358783072,0.9076686693588102,0.9205069124423964
cnn_epoch_2_language_256_cnode_256,0.8638717529344161,0.8610364683301344,0.8543393318854072,0.8698397738760177,0.8042588017587915,0.8261455833703286,0.8610364683301344
cnn_epoch_2_language_256_cnode_256,0.8589734648326026,0.8595009596928983,0.859027057087688,0.8556304661554779,0.8508632900473214,0.8530203415666484,0.8595009596928983
cnn_epoch_2_language_256_cnode_256,0.8001040242505668,0.7927063339731286,0.7851689352040959,0.8061716503514109,0.7641198526549801,0.7728045036617446,0.7927063339731286
cnn_epoch_2_language_256_cnode_256,0.8981600705255038,0.8990403071017274,0.8966451007516698,0.8938517566409597,0.8580942202050593,0.8731984477653265,0.8990403071017274
cnn_epoch_2_language_256_cnode_256,0.859322258019708,0.8568138195777352,0.8579103712361978,0.8114718944069266,0.8211636195275319,0.8160752640239382,0.8568138195777352
cnn_epoch_2_language_256_cnode_256,0.9433888841211489,0.9435700575815739,0.9434772498293995,0.8876780450404544,0.8851360141927853,0.8864004822420934,0.9435700575815739
cnn_epoch_2_language_256_cnode_256,0.909655816458291,0.908637236084453,0.9074236912830107,0.9127445671289568,0.8913434009753028,0.9000637667927818,0.908637236084453
cnn_epoch_2_language_256_cnode_256,0.8891619159565556,0.8905950095969289,0.8889076855984793,0.8799737902749214,0.8572096246850616,0.867271493061397,0.8905950095969289
cnn_epoch_2_language_256_cnode_256,0.8600204771281242,0.8433781190019194,0.8325468299398455,0.8789256120171024,0.7851002281353077,0.8079389012812747,0.8433781190019194
cnn_epoch_2_language_256_cnode_256,0.9240780368846728,0.924347158218126,0.9234574637613198,0.9222838946616522,0.902860197195478,0.9115948710039041,0.924347158218126
cnn_epoch_2_language_512_cnode_64,0.8632609125073036,0.854510556621881,0.8446777455093414,0.8775370121612025,0.7863541026486338,0.8125935210140995,0.854510556621881
cnn_epoch_2_language_512_cnode_64,0.8496484120753477,0.8464491362763915,0.8472434335161189,0.8395107068874055,0.8466160696562524,0.842209574759347,0.8464491362763915
cnn_epoch_2_language_512_cnode_64,0.797787860766018,0.7961612284069098,0.7916374063070604,0.7996882434489762,0.7740515487943112,0.781067109790827,0.7961612284069098
cnn_epoch_2_language_512_cnode_64,0.8944981591932132,0.8928982725527831,0.8935375254627158,0.8686333251729246,0.8775423476716218,0.8728683480415591,0.8928982725527831
cnn_epoch_2_language_512_cnode_64,0.8692106311139125,0.8706333973128599,0.8698250715051835,0.8333853782244176,0.8251548180484158,0.8291177838305951,0.8706333973128599
cnn_epoch_2_language_512_cnode_64,0.9389893334192047,0.9378119001919386,0.9383408123679958,0.8711029489096488,0.8839473684210526,0.8773506270663896,0.9378119001919386
cnn_epoch_2_language_512_cnode_64,0.9143543900791029,0.9136276391554703,0.9138728639443784,0.9061471167173902,0.9107865345288658,0.908334166125938,0.9136276391554703
cnn_epoch_2_language_512_cnode_64,0.8965636109324261,0.890978886756238,0.8854280324601059,0.9095391283417804,0.8332156220572181,0.8596343838271612,0.890978886756238
cnn_epoch_2_language_512_cnode_64,0.8620011197118437,0.8441458733205375,0.8330928897332956,0.8819343473642072,0.7851888683427646,0.8084142453445402,0.8441458733205375
cnn_epoch_2_language_512_cnode_64,0.9227815407462613,0.9231950844854071,0.9228996368268079,0.9148552857459676,0.9085200633053025,0.9115741432471713,0.9231950844854071
cnn_epoch_2_language_512_cnode_128,0.865611160298164,0.8575815738963531,0.848407527148378,0.8791808735184283,0.7914874161745333,0.8173999067779814,0.8575815738963531
cnn_epoch_2_language_512_cnode_128,0.8574149230244187,0.8564299424184261,0.8544955850884721,0.8592783005141138,0.8403719051808431,0.8471767853400645,0.8564299424184261
cnn_epoch_2_language_512_cnode_128,0.8023059427620921,0.798848368522073,0.7935023380133862,0.8058447847727099,0.7747140889219142,0.7825589678695359,0.798848368522073
cnn_epoch_2_language_512_cnode_128,0.8969942386636232,0.8982725527831094,0.897224830643392,0.8836220703744873,0.868129747203028,0.8753048399947906,0.8982725527831094
cnn_epoch_2_language_512_cnode_128,0.8478330683441385,0.8249520153550863,0.8314487919448655,0.7750874983612679,0.8195331462903658,0.7901384801947033,0.8249520153550863
cnn_epoch_2_language_512_cnode_128,0.9393103938680281,0.9404990403071017,0.9397933635774313,0.8870948538658636,0.8691543465405085,0.8777946223278026,0.9404990403071017
cnn_epoch_2_language_512_cnode_128,0.9102228969689253,0.9105566218809981,0.9102142948990491,0.9071001852916747,0.9009139531225421,0.9038078899511485,0.9105566218809981
cnn_epoch_2_language_512_cnode_128,0.9047575183700536,0.9047984644913628,0.9024912699563404,0.9045817623493502,0.8670845243353307,0.8826845914480548,0.9047984644913628
cnn_epoch_2_language_512_cnode_128,0.8691419076725697,0.8690978886756238,0.8662952878175624,0.869264939185616,0.8388449857463958,0.8506289506469598,0.8690978886756238
cnn_epoch_2_language_512_cnode_128,0.9197137577281165,0.9197388632872504,0.9185195322606513,0.9195810156913169,0.8948041391098973,0.9056254570368458,0.9197388632872504
cnn_epoch_2_language_512_cnode_256,0.8725091682579783,0.8656429942418427,0.8578521030619596,0.8850572343378544,0.8041227952359051,0.8293760938269609,0.8656429942418427
cnn_epoch_2_language_512_cnode_256,0.8455173172243499,0.8422264875239923,0.8430507879904583,0.8352182390880456,0.8423048269743985,0.8378912776633196,0.8422264875239923
cnn_epoch_2_language_512_cnode_256,0.8069961839760614,0.8,0.7931905875284413,0.8130018687870535,0.7726184854796339,0.7814998757941166,0.8
cnn_epoch_2_language_512_cnode_256,0.8951477292555637,0.8940499040307102,0.8899916621897079,0.8987190082644628,0.8417065424638285,0.8635883448461144,0.8940499040307102
cnn_epoch_2_language_512_cnode_256,0.8677149500995341,0.8714011516314779,0.8662290602334424,0.8510209654638606,0.7985604151861663,0.8193825633260555,0.8714011516314779
cnn_epoch_2_language_512_cnode_256,0.9415653113513704,0.9435700575815739,0.9418601884654828,0.905302989834456,0.8589503252513306,0.8800031586774792,0.9435700575815739
cnn_epoch_2_language_512_cnode_256,0.9041374109864446,0.9021113243761996,0.9026465847749512,0.8928909132770341,0.9015840805411357,0.8967042871277937,0.9021113243761996
cnn_epoch_2_language_512_cnode_256,0.8916293368357004,0.8852207293666027,0.8788535886409926,0.9055604942738895,0.8237935115044543,0.8511715562159156,0.8852207293666027
cnn_epoch_2_language_512_cnode_256,0.8530691207584279,0.8257197696737044,0.809472155293285,0.8784883142905214,0.7561656704887634,0.7792702500933184,0.8257197696737044
cnn_epoch_2_language_512_cnode_256,0.9136205327139095,0.913594470046083,0.9121111708073559,0.9137441288706132,0.88623311881068,0.8980427656565435,0.913594470046083
cnn_epoch_2_language_128_cnode_64,0.8600801647340915,0.8618042226487524,0.8583213473990113,0.8539218821071025,0.819854781663743,0.8334398976982097,0.8618042226487524
cnn_epoch_2_language_128_cnode_64,0.8574840172301703,0.8579654510556622,0.8570764552260848,0.8557405390192818,0.8469377127439279,0.8506375854318609,0.8579654510556622
cnn_epoch_2_language_128_cnode_64,0.7951383827509325,0.7930902111324376,0.7881311603198207,0.7973989223943865,0.7699963883632086,0.777184684102108,0.7930902111324376
cnn_epoch_2_language_128_cnode_64,0.8933311697102193,0.8948176583493282,0.8930533443246058,0.883418148598162,0.8584993526380355,0.8695218060198713,0.8948176583493282
cnn_epoch_2_language_128_cnode_64,0.8616957850214091,0.854510556621881,0.8571388751119133,0.8072005889069167,0.830261967827379,0.8172707669317822,0.854510556621881
cnn_epoch_2_language_128_cnode_64,0.9367148316673322,0.9378119001919386,0.9371828640816159,0.880490069781247,0.8653991720875223,0.8727066627735536,0.9378119001919386
cnn_epoch_2_language_128_cnode_64,0.9063712894028906,0.9067178502879079,0.9064249893780953,0.9024575414772649,0.8974343243668397,0.8998103722771582,0.9067178502879079
cnn_epoch_2_language_128_cnode_64,0.894410591434745,0.8944337811900192,0.891441774869901,0.8943235869084751,0.8518834498640244,0.8689906459641255,0.8944337811900192
cnn_epoch_2_language_128_cnode_64,0.8482060395284722,0.8403071017274473,0.8318059147100929,0.8590114526823388,0.7890188370145979,0.8085473854407821,0.8403071017274473
cnn_epoch_2_language_128_cnode_64,0.9183921205291009,0.9170506912442397,0.9151282428828397,0.9232894020452609,0.8856864769844244,0.9010913183392829,0.9170506912442397
cnn_epoch_2_language_128_cnode_128,0.8589247542392774,0.8541266794625719,0.8457550656004248,0.8677618333690298,0.7911896263314055,0.8149174411004064,0.8541266794625719
cnn_epoch_2_language_128_cnode_128,0.8503137312793654,0.8468330134357006,0.8476644524282797,0.839933002180906,0.8474033294041823,0.842705163378426,0.8468330134357006
cnn_epoch_2_language_128_cnode_128,0.7868692091855414,0.7846449136276391,0.7854051151601887,0.7771834130743125,0.781126879484805,0.778784450903985,0.7846449136276391
cnn_epoch_2_language_128_cnode_128,0.8877656317861495,0.8894433781190019,0.8874861142473969,0.8771099452554745,0.851285941337957,0.8626242029259374,0.8894433781190019
cnn_epoch_2_language_128_cnode_128,0.8435882915783458,0.8284069097888676,0.8333493982012695,0.7767583626519361,0.8107270526273692,0.7898347624585127,0.8284069097888676
cnn_epoch_2_language_128_cnode_128,0.9321723918291416,0.9259117082533589,0.9282154317978832,0.840498096612325,0.8857096392667061,0.8607492422796725,0.9259117082533589
cnn_epoch_2_language_128_cnode_128,0.9017585743997865,0.9021113243761996,0.9015028241500573,0.8996581086311444,0.8898379738870537,0.8942561396387254,0.9021113243761996
cnn_epoch_2_language_128_cnode_128,0.8889783694093197,0.8856046065259117,0.8803170135053937,0.8974378293125185,0.8296978257789778,0.8538005197935892,0.8856046065259117
cnn_epoch_2_language_128_cnode_128,0.8581938514325888,0.8525911708253359,0.8461277790689103,0.8670419872696528,0.8072783962463137,0.8257129197406881,0.8525911708253359
cnn_epoch_2_language_128_cnode_128,0.9060712437612992,0.9055299539170507,0.903421209319416,0.9081121726822363,0.8731426984559223,0.8875192008782361,0.9055299539170507
cnn_epoch_2_language_128_cnode_256,0.8584515719940154,0.8437619961612284,0.8303338597672222,0.8786443854201352,0.7653490653197612,0.793416271955129,0.8437619961612284
cnn_epoch_2_language_128_cnode_256,0.8575156071744038,0.8579654510556622,0.857638105976862,0.8534429134637264,0.8501991736529588,0.8517108218714422,0.8579654510556622
cnn_epoch_2_language_128_cnode_256,0.7999410823731474,0.7976967370441459,0.7929086965432118,0.8024411786815004,0.7749102276429312,0.7822413877062472,0.7976967370441459
cnn_epoch_2_language_128_cnode_256,0.892236947685313,0.8921305182341651,0.8884480487875784,0.8926180222637523,0.8422342062095753,0.8620776132204111,0.8921305182341651
cnn_epoch_2_language_128_cnode_256,0.8663105604499761,0.8702495201535508,0.8658536517277697,0.8456474343383071,0.8016571607000575,0.8197336654939498,0.8702495201535508
cnn_epoch_2_language_128_cnode_256,0.9370538157314003,0.9381957773512476,0.9375347961702498,0.8816085739256669,0.8656238911886458,0.8733500446470497,0.9381957773512476
cnn_epoch_2_language_128_cnode_256,0.8965107686247669,0.8940499040307102,0.894689543339333,0.88429966022244,0.8936998584237849,0.8883416077764857,0.8940499040307102
cnn_epoch_2_language_128_cnode_256,0.8969934471458745,0.8948176583493282,0.890777501341507,0.9033269932691543,0.8454766924728674,0.8672563573821808,0.8948176583493282
cnn_epoch_2_language_128_cnode_256,0.8507506388123212,0.8322456813819578,0.8193868902604471,0.8703396741302946,0.7697386213795004,0.7921626921639519,0.8322456813819578
cnn_epoch_2_language_128_cnode_256,0.9187991939941867,0.9193548387096774,0.9188541086374193,0.9120729684908789,0.9019617094588583,0.906731170045908,0.9193548387096774
cnn_epoch_3_language_256_cnode_64,0.8673929419078538,0.8618042226487524,0.8540370937962787,0.8778496130612913,0.8006646343696963,0.8249720044792833,0.8618042226487524
cnn_epoch_3_language_256_cnode_64,0.8501627733905324,0.8452975047984644,0.846296786689889,0.8386361791093249,0.8475157513214936,0.8415618715594946,0.8452975047984644
cnn_epoch_3_language_256_cnode_64,0.7982133032747345,0.7946257197696737,0.7889399065460737,0.8017785574218799,0.7698322785157636,0.7776390578568437,0.7946257197696737
cnn_epoch_3_language_256_cnode_64,0.9032247050894289,0.9044145873320537,0.903263817154376,0.89246534616671,0.8739985012933074,0.882452431059763,0.9044145873320537
cnn_epoch_3_language_256_cnode_64,0.8840032128878756,0.8867562380038387,0.884158291150041,0.8636146327643601,0.8316670973577105,0.8456781136332008,0.8867562380038387
cnn_epoch_3_language_256_cnode_64,0.9421420649308373,0.9370441458733205,0.9388603850169553,0.8610587833694711,0.9053193376700177,0.8810851915685777,0.9370441458733205
cnn_epoch_3_language_256_cnode_64,0.9154331506408917,0.9151631477927064,0.9152742340508663,0.9086311558116069,0.9107770961145194,0.9096771956589578,0.9151631477927064
cnn_epoch_3_language_256_cnode_64,0.9158525838978094,0.9163147792706334,0.9149334509256837,0.9130656558461986,0.8866322352503258,0.8982752888609928,0.9163147792706334
cnn_epoch_3_language_256_cnode_64,0.8893233182750119,0.8825335892514395,0.8779798756977467,0.9010992545502705,0.8429098186175492,0.8621841818083742,0.8825335892514395
cnn_epoch_3_language_256_cnode_64,0.9341085090309021,0.9327956989247311,0.9331988123171426,0.9193794200348371,0.9295667846676067,0.9241533410727883,0.9327956989247311
cnn_epoch_3_language_256_cnode_128,0.8632061929684052,0.8541266794625719,0.8441272807300204,0.8778671197423791,0.7854325821431916,0.811834701946472,0.8541266794625719
cnn_epoch_3_language_256_cnode_128,0.8517299298234771,0.8510556621880998,0.8513191494953735,0.8446079779248052,0.8470553422159922,0.8457529801292163,0.8510556621880998
cnn_epoch_3_language_256_cnode_128,0.8111150184002666,0.8072936660268714,0.8022924084352134,0.8150942092412585,0.7837471463798832,0.7918767458856304,0.8072936660268714
cnn_epoch_3_language_256_cnode_128,0.9049882252877357,0.9047984644913628,0.9020310979325505,0.9057669744020811,0.8610455958138203,0.8793174047152217,0.9047984644913628
cnn_epoch_3_language_256_cnode_128,0.8737373903692462,0.8767754318618042,0.8743847016417723,0.8475394846217789,0.8215493187390597,0.8331527927784841,0.8767754318618042
cnn_epoch_3_language_256_cnode_128,0.9463907780098695,0.9470249520153551,0.9466712534121503,0.8976386513381664,0.8871584861028977,0.892290093169414,0.9470249520153551
cnn_epoch_3_language_256_cnode_128,0.9179964934478063,0.9174664107485605,0.9166119633675991,0.919991919700714,0.9029322007236118,0.9101790549247282,0.9174664107485605
cnn_epoch_3_language_256_cnode_128,0.9090123965146631,0.9078694817658349,0.9051440364984094,0.9131472988023878,0.8668334763924654,0.8854234932419653,0.9078694817658349
cnn_epoch_3_language_256_cnode_128,0.870280153054114,0.8518234165067179,0.8415761675411284,0.8912463581671648,0.7943702469115035,0.8182951369965001,0.8518234165067179
cnn_epoch_3_language_256_cnode_128,0.9379112940107035,0.9381720430107527,0.9379850528740208,0.9315984234831962,0.9264082598860612,0.9289307936217335,0.9381720430107527
cnn_epoch_3_language_256_cnode_256,0.8716691590957593,0.8679462571976967,0.8615821275375141,0.8795055351892255,0.8122106045744318,0.8347902781198702,0.8679462571976967
cnn_epoch_3_language_256_cnode_256,0.8587753788850316,0.8579654510556622,0.8561567514037546,0.8603794156408531,0.8424337905362189,0.8489926051262768,0.8579654510556622
cnn_epoch_3_language_256_cnode_256,0.8061819054331345,0.8042226487523992,0.7999628576408098,0.8085048855075707,0.782614239366109,0.7898616698068921,0.8042226487523992
cnn_epoch_3_language_256_cnode_256,0.8972446583023146,0.8982725527831094,0.8975683362473551,0.8815766095736299,0.8711526584336957,0.8760997921430764,0.8982725527831094
cnn_epoch_3_language_256_cnode_256,0.8738013938034865,0.8763915547024952,0.8745914981624484,0.8446852101262355,0.8251636625966363,0.8341223698781838,0.8763915547024952
cnn_epoch_3_language_256_cnode_256,0.9477714295059655,0.9493282149712092,0.9480193201553863,0.9151320069676174,0.8743228858663512,0.8931349807191713,0.9493282149712092
cnn_epoch_3_language_256_cnode_256,0.9199392469819296,0.9197696737044145,0.9198429160392555,0.9137686638279091,0.9152823658958629,0.9145125016702758,0.9197696737044145
cnn_epoch_3_language_256_cnode_256,0.9030663309818779,0.9032629558541266,0.9009642464465586,0.9022077922077922,0.8656271962354614,0.8808901720511582,0.9032629558541266
cnn_epoch_3_language_256_cnode_256,0.8844088373547868,0.8813819577735125,0.8778769788221692,0.8909057584449809,0.8470500280154816,0.8628307432133643,0.8813819577735125
cnn_epoch_3_language_256_cnode_256,0.9262967713002807,0.9266513056835638,0.9259236483388527,0.9235326049221408,0.9070432541298081,0.9145771270314949,0.9266513056835638
cnn_epoch_3_language_512_cnode_64,0.8718198233306024,0.8698656429942418,0.8644707463151005,0.8764499541275574,0.8184173860428139,0.8389059846646969,0.8698656429942418
cnn_epoch_3_language_512_cnode_64,0.8649403493702171,0.8652591170825336,0.8650522453379279,0.8606873169979966,0.8584788793832294,0.8595320361529241,0.8652591170825336
cnn_epoch_3_language_512_cnode_64,0.8057949598221746,0.8034548944337812,0.7989489933831622,0.8084637486817946,0.7812351675811673,0.7886712476534168,0.8034548944337812
cnn_epoch_3_language_512_cnode_64,0.8987176457833878,0.8990403071017274,0.8988665952304106,0.879590999857367,0.8769874153967323,0.878272087819853,0.8990403071017274
cnn_epoch_3_language_512_cnode_64,0.8856922991573922,0.8882917466410749,0.8859939351989905,0.8644409720018307,0.8356071513171455,0.8484232260355611,0.8882917466410749
cnn_epoch_3_language_512_cnode_64,0.9447303643817847,0.9431861804222649,0.9438442153892342,0.8799799233519194,0.8980041395623891,0.8886590102047653,0.9431861804222649
cnn_epoch_3_language_512_cnode_64,0.9130532556774859,0.9132437619961612,0.9126937605357114,0.9119391339030898,0.9016186880604058,0.9062607077393788,0.9132437619961612
cnn_epoch_3_language_512_cnode_64,0.9091876384288419,0.909021113243762,0.9091005823405637,0.8923186371802431,0.893691786739113,0.8930001433285251,0.909021113243762
cnn_epoch_3_language_512_cnode_64,0.899004098940172,0.8955854126679462,0.8926895492159611,0.9067259571771467,0.8637716472973795,0.8796076544357723,0.8955854126679462
cnn_epoch_3_language_512_cnode_64,0.9357430978004134,0.9358678955453149,0.9352083167975762,0.934802000051975,0.9172643104224578,0.925260571749717,0.9358678955453149
cnn_epoch_3_language_512_cnode_128,0.8784244922883407,0.8756238003838771,0.870369559067126,0.8849617508673236,0.8245641347068297,0.845841095890411,0.8756238003838771
cnn_epoch_3_language_512_cnode_128,0.8478393504299587,0.8426103646833013,0.84366057847914,0.8360041014408728,0.8451110863326807,0.8389064856711915,0.8426103646833013
cnn_epoch_3_language_512_cnode_128,0.8178734026572211,0.8115163147792707,0.8057440107714781,0.8237518680887621,0.7859989287104383,0.7950685913902709,0.8115163147792707
cnn_epoch_3_language_512_cnode_128,0.9041912612731049,0.9051823416506718,0.9044471232422009,0.890633789954338,0.8786996665448437,0.8843323016565972,0.9051823416506718
cnn_epoch_3_language_512_cnode_128,0.869595115212435,0.8656429942418427,0.8672253745402987,0.8217516507703595,0.8372830009321385,0.8289135130834486,0.8656429942418427
cnn_epoch_3_language_512_cnode_128,0.9444957089275741,0.94510556621881,0.9447701493302747,0.8933508588216472,0.8838527498521584,0.8885115893896038,0.94510556621881
cnn_epoch_3_language_512_cnode_128,0.9168230448783813,0.9170825335892514,0.9166972569714802,0.9147996507638579,0.9071590372817366,0.9106887763848095,0.9170825335892514
cnn_epoch_3_language_512_cnode_128,0.9054710843394975,0.9044145873320537,0.9015151496949129,0.9092131524113173,0.8622354447750082,0.8809757767828585,0.9044145873320537
cnn_epoch_3_language_512_cnode_128,0.8914518753074105,0.8833013435700576,0.8784576609510141,0.9048691701377567,0.8422443700528088,0.8625104516501803,0.8833013435700576
cnn_epoch_3_language_512_cnode_128,0.941479037432667,0.9412442396313364,0.9413429037332228,0.9316602202861135,0.9345694673241647,0.9330909970299948,0.9412442396313364
cnn_epoch_3_language_512_cnode_256,0.8751697020874153,0.872552783109405,0.8671014391191497,0.8812181202155126,0.8207101643338666,0.8419023343014498,0.872552783109405
cnn_epoch_3_language_512_cnode_256,0.8564869272955907,0.8560460652591171,0.8562292534680244,0.8499128963399396,0.8516986430950275,0.8507659345317888,0.8560460652591171
cnn_epoch_3_language_512_cnode_256,0.815417985638831,0.8030710172744722,0.794612786131514,0.8244611016121153,0.772290265784744,0.782222900145346,0.8030710172744722
cnn_epoch_3_language_512_cnode_256,0.9019550151237528,0.9028790786948176,0.902246820151612,0.887015987391537,0.8770656796167391,0.881803793921297,0.9028790786948176
cnn_epoch_3_language_512_cnode_256,0.8739402466195797,0.8633397312859885,0.8666947973198339,0.8173891923611412,0.8502544922614048,0.8308979487044834,0.8633397312859885
cnn_epoch_3_language_512_cnode_256,0.9443941278456733,0.946257197696737,0.9444536542641181,0.9137033789598454,0.8616144293317564,0.8850333393858694,0.946257197696737
cnn_epoch_3_language_512_cnode_256,0.9195775306404677,0.9193857965451055,0.9194674231718376,0.9132982390173592,0.9149756174296051,0.914120879120879,0.9193857965451055
cnn_epoch_3_language_512_cnode_256,0.9083522111654267,0.9032629558541266,0.898902508908094,0.9213709375046868,0.8512056551413785,0.8765937576134918,0.9032629558541266
cnn_epoch_3_language_512_cnode_256,0.8850970257891149,0.8717850287907869,0.8648268745798648,0.9030543550733178,0.8230679993322869,0.846054354364981,0.8717850287907869
cnn_epoch_3_language_512_cnode_256,0.9409905342493835,0.9412442396313364,0.9408489998979295,0.9381440836225933,0.9265080169640956,0.931980205880018,0.9412442396313364
cnn_epoch_3_language_128_cnode_64,0.8652598009752875,0.85489443378119,0.8445700465596125,0.8815507030820108,0.7850367726364372,0.8121170560597873,0.85489443378119
cnn_epoch_3_language_128_cnode_64,0.8589213667441008,0.8575815738963531,0.8580140270438836,0.8510228205370307,0.8553136050737512,0.8529151027230006,0.8575815738963531
cnn_epoch_3_language_128_cnode_64,0.8054619340744924,0.799232245681382,0.7926755039529789,0.8109675073960788,0.7724083150616236,0.7810862814883848,0.799232245681382
cnn_epoch_3_language_128_cnode_64,0.8972446583023146,0.8982725527831094,0.8975683362473551,0.8815766095736299,0.8711526584336957,0.8760997921430764,0.8982725527831094
cnn_epoch_3_language_128_cnode_64,0.8681214754083016,0.8671785028790787,0.8676206493066605,0.8257213891836019,0.8300877686819932,0.8278590527119939,0.8671785028790787
cnn_epoch_3_language_128_cnode_64,0.9331879037167377,0.9239923224568138,0.9271066669356759,0.8345492558995319,0.8944056771141337,0.8602931138717165,0.9239923224568138
cnn_epoch_3_language_128_cnode_64,0.9123699925837226,0.9120921305182341,0.912207237998409,0.9053700059339157,0.9074988201982067,0.9064075918819063,0.9120921305182341
cnn_epoch_3_language_128_cnode_64,0.9018846533490658,0.9021113243761996,0.8997621560773821,0.9009033809110888,0.8640945190296424,0.8794227758491593,0.9021113243761996
cnn_epoch_3_language_128_cnode_64,0.877579330458409,0.8710172744721689,0.8657233002302278,0.888474025974026,0.8290120693024081,0.8481445908883979,0.8710172744721689
cnn_epoch_3_language_128_cnode_64,0.9217264339844986,0.9216589861751152,0.9204535290643285,0.9220790020790022,0.896843092900801,0.9078510229061025,0.9216589861751152
cnn_epoch_3_language_128_cnode_128,0.8771527627986078,0.8786948176583493,0.8769171385817696,0.8682859473550941,0.8472884165856054,0.8564738292011018,0.8786948176583493
cnn_epoch_3_language_128_cnode_128,0.8613577121618667,0.8614203454894434,0.8613878555556178,0.8560651959816374,0.8557314347609793,0.855897056739083,0.8614203454894434
cnn_epoch_3_language_128_cnode_128,0.809908893478726,0.8049904030710173,0.7993716299566743,0.8146588065942352,0.7800482690376573,0.7885192415624396,0.8049904030710173
cnn_epoch_3_language_128_cnode_128,0.8968939780980192,0.8982725527831094,0.89691276202512,0.8855790612596242,0.8654846998761938,0.8745912737362799,0.8982725527831094
cnn_epoch_3_language_128_cnode_128,0.8575607126789958,0.854510556621881,0.8558172530596113,0.8083280655519745,0.819610824496476,0.8136344116467285,0.854510556621881
cnn_epoch_3_language_128_cnode_128,0.9390278598843657,0.9408829174664107,0.9395774776220216,0.8939938962149814,0.8606505026611473,0.8761949378089187,0.9408829174664107
cnn_epoch_3_language_128_cnode_128,0.916198940155184,0.9159309021113243,0.9160409830639806,0.9094464432810297,0.9115966650935976,0.9104945966032205,0.9159309021113243
cnn_epoch_3_language_128_cnode_128,0.9003124690774611,0.8975047984644914,0.8934286493682707,0.9082570789404172,0.8477632079690881,0.8703608335332342,0.8975047984644914
cnn_epoch_3_language_128_cnode_128,0.8654234903380597,0.8537428023032629,0.8454600819209086,0.8807027741815561,0.8021327351521182,0.8237911467791936,0.8537428023032629
cnn_epoch_3_language_128_cnode_128,0.9213098765407274,0.9216589861751152,0.9214348350221494,0.9123881858841496,0.9076950453085864,0.9099782205372267,0.9216589861751152
cnn_epoch_3_language_128_cnode_256,0.8788368163162944,0.8798464491362764,0.879183049907755,0.8644113049641259,0.8564496938666146,0.8602259143775834,0.8798464491362764
cnn_epoch_3_language_128_cnode_256,0.8559650093442911,0.8525911708253359,0.853383914039334,0.8457832466710158,0.8533105344544076,0.8485991424977026,0.8525911708253359
cnn_epoch_3_language_128_cnode_256,0.799526335103811,0.7950095969289828,0.7889018779879733,0.8037852279891312,0.7692798567058701,0.7773837780952819,0.7950095969289828
cnn_epoch_3_language_128_cnode_256,0.897404746190137,0.8986564299424185,0.8967191842024335,0.889985043058557,0.8612226641848764,0.8737520597072792,0.8986564299424185
cnn_epoch_3_language_128_cnode_256,0.874657200510863,0.8771593090211133,0.8754387332961935,0.8454891022293372,0.8266495466976764,0.8353238288948206,0.8771593090211133
cnn_epoch_3_language_128_cnode_256,0.9422726103637107,0.9428023032629559,0.9425172976778917,0.8879790881910778,0.8803222945002958,0.8840911527397572,0.9428023032629559
cnn_epoch_3_language_128_cnode_256,0.9114220147825852,0.9113243761996161,0.9113696649000378,0.9050266875981161,0.9058549630328772,0.9054368451447901,0.9113243761996161
cnn_epoch_3_language_128_cnode_256,0.8815085403087922,0.8821497120921306,0.8786339795315732,0.8792053239381483,0.836355631113,0.8533755604972142,0.8821497120921306
cnn_epoch_3_language_128_cnode_256,0.8761396848346691,0.8702495201535508,0.8651021820385897,0.8861762154426276,0.8289234290949512,0.8475605955678671,0.8702495201535508
cnn_epoch_3_language_128_cnode_256,0.9167721202483822,0.9155145929339478,0.913556543676966,0.921363092983619,0.8839312916384696,0.8992596760863065,0.9155145929339478
cnn_epoch_4_language_256_cnode_64,0.8761435780404405,0.8698656429942418,0.8627425655667728,0.888127571458589,0.8107413271251951,0.8355479825137223,0.8698656429942418
cnn_epoch_4_language_256_cnode_64,0.8519923658646912,0.8479846449136277,0.8488767285606451,0.8411843098955996,0.8492991856609673,0.8440651710176894,0.8479846449136277
cnn_epoch_4_language_256_cnode_64,0.8255827578350351,0.8226487523992323,0.8188409483914777,0.8290962293444091,0.8018312584723997,0.8097212577929052,0.8226487523992323
cnn_epoch_4_language_256_cnode_64,0.9025663935805944,0.9036468330134357,0.9018732508311433,0.8959409402769072,0.8677858804264373,0.8801213865954423,0.9036468330134357
cnn_epoch_4_language_256_cnode_64,0.8849066987929164,0.8813819577735125,0.882753864706354,0.8414003366024303,0.8575766245512353,0.8488865935603268,0.8813819577735125
cnn_epoch_4_language_256_cnode_64,0.9506809947922064,0.9500959692898272,0.9503638232045142,0.8967123921977195,0.9053222945002957,0.900944775944776,0.9500959692898272
cnn_epoch_4_language_256_cnode_64,0.9255835853442675,0.9239923224568138,0.924376263428113,0.915932870610173,0.9244266163284568,0.9197192016466131,0.9239923224568138
cnn_epoch_4_language_256_cnode_64,0.9141426317464236,0.9136276391554703,0.913850953413198,0.8967530485918949,0.9008777302765902,0.8987697972079896,0.9136276391554703
cnn_epoch_4_language_256_cnode_64,0.9013191844910592,0.9009596928982726,0.8993827167283548,0.9026123556373337,0.8777143637250626,0.8880372492836677,0.9009596928982726
cnn_epoch_4_language_256_cnode_64,0.9418804480893339,0.9416282642089093,0.9409090437114407,0.9434916228809358,0.9221409486628507,0.9317190040215624,0.9416282642089093
cnn_epoch_4_language_256_cnode_128,0.8690070389376118,0.8641074856046065,0.856866433102996,0.8785530695017112,0.8049144142494136,0.8286502657103572,0.8641074856046065
cnn_epoch_4_language_256_cnode_128,0.8612946371234311,0.8595009596928983,0.8600232182584002,0.8528743180745406,0.8581627501770569,0.8551197906156318,0.8595009596928983
cnn_epoch_4_language_256_cnode_128,0.8149280497060953,0.8153550863723609,0.8132266579868019,0.8140965433518625,0.7999076958367345,0.8049379002901945,0.8153550863723609
cnn_epoch_4_language_256_cnode_128,0.9048622251661024,0.9055662188099808,0.9051243376004973,0.8892130331240529,0.8819949089301954,0.885479035495548,0.9055662188099808
cnn_epoch_4_language_256_cnode_128,0.8799055764612304,0.8779270633397313,0.8787802066456979,0.8383897761284446,0.8479852888244903,0.8429766259053026,0.8779270633397313
cnn_epoch_4_language_256_cnode_128,0.952632389966428,0.9527831094049904,0.9527054539388853,0.9062861626085176,0.903622117090479,0.9049473422842007,0.9527831094049904
cnn_epoch_4_language_256_cnode_128,0.928033581821342,0.928214971209213,0.9279235589752208,0.9264280406178893,0.9195579675947774,0.9227647748329241,0.928214971209213
cnn_epoch_4_language_256_cnode_128,0.917356161228407,0.9136276391554703,0.9103797296515102,0.9284,0.8681654541363534,0.8911391897245424,0.9136276391554703
cnn_epoch_4_language_256_cnode_128,0.9019431578466066,0.8925143953934741,0.888003241860551,0.917334225968632,0.852105754884593,0.8732756523854199,0.8925143953934741
cnn_epoch_4_language_256_cnode_128,0.9484105715184595,0.9485407066052227,0.9484598110298679,0.9424243575273485,0.9396510119951147,0.9410174180972144,0.9485407066052227
cnn_epoch_4_language_256_cnode_256,0.8787324384668532,0.8748560460652591,0.8690999351763695,0.8871941005842219,0.8214417505430085,0.8439702473605225,0.8748560460652591
cnn_epoch_4_language_256_cnode_256,0.8613150152387212,0.8618042226487524,0.8610498011900504,0.8593147881670617,0.8515488493141956,0.8548805805519551,0.8618042226487524
cnn_epoch_4_language_256_cnode_256,0.8186150223697221,0.818426103646833,0.8159022849366296,0.8189314282028125,0.8016250535339744,0.8074483747115432,0.818426103646833
cnn_epoch_4_language_256_cnode_256,0.9024518571205319,0.9036468330134357,0.9021413864593552,0.8939515952690098,0.8700530638494381,0.8807239001499674,0.9036468330134357
cnn_epoch_4_language_256_cnode_256,0.8744973039791043,0.8733205374280231,0.8738599571844926,0.8333431626510124,0.8390699842182496,0.8361305419958733,0.8733205374280231
cnn_epoch_4_language_256_cnode_256,0.9492913325031932,0.9485604606525911,0.9488907056012698,0.8931055589881682,0.9033323477232407,0.8981155447419484,0.9485604606525911
cnn_epoch_4_language_256_cnode_256,0.9204718606930269,0.9178502879078695,0.9183980066703048,0.9088696297857428,0.9199307849614597,0.913549955462262,0.9178502879078695
cnn_epoch_4_language_256_cnode_256,0.9193852177640217,0.9170825335892514,0.9144625869279837,0.9272656875918671,0.8762809348011478,0.8965301141721451,0.9170825335892514
cnn_epoch_4_language_256_cnode_256,0.9010431347443497,0.8998080614203455,0.8978089825364469,0.9047059285334769,0.8735595966288252,0.8859518505304231,0.8998080614203455
cnn_epoch_4_language_256_cnode_256,0.9436752523590081,0.9439324116743472,0.9436605776546584,0.9397321428571428,0.9312848981264542,0.9353243343842013,0.9439324116743472
cnn_epoch_4_language_512_cnode_64,0.8755735625892874,0.8760076775431862,0.8725160588987828,0.874161940515058,0.834121221494593,0.8498084976458695,0.8760076775431862
cnn_epoch_4_language_512_cnode_64,0.8639255836677218,0.8602687140115163,0.8610618185639859,0.8536254008027434,0.861756269283269,0.8565939962517408,0.8602687140115163
cnn_epoch_4_language_512_cnode_64,0.8088858775250192,0.8,0.7924726824825697,0.8160034951412134,0.7711573587709698,0.7804138694696964,0.8
cnn_epoch_4_language_512_cnode_64,0.9120048995493555,0.9128598848368522,0.9114584618948657,0.9060810729145579,0.8807455145040244,0.8920387439844786,0.9128598848368522
cnn_epoch_4_language_512_cnode_64,0.8701926360320171,0.8644913627639156,0.8666179787497926,0.8196440230423001,0.8403797464460299,0.8289079854227628,0.8644913627639156
cnn_epoch_4_language_512_cnode_64,0.9508225392397629,0.9516314779270634,0.9511422276190346,0.9093644315156053,0.8931283264340626,0.9009940710460972,0.9516314779270634
cnn_epoch_4_language_512_cnode_64,0.927986440479878,0.927831094049904,0.9273013619597227,0.9287813772895102,0.9163662104766399,0.9218798850992747,0.927831094049904
cnn_epoch_4_language_512_cnode_64,0.9329877318180005,0.9332053742802303,0.9323313251813116,0.931366615536834,0.9093459975388274,0.9193105643400652,0.9332053742802303
cnn_epoch_4_language_512_cnode_64,0.9095119157103436,0.9044145873320537,0.9015119167789951,0.9202163053047521,0.871829171556975,0.8893207004561493,0.9044145873320537
cnn_epoch_4_language_512_cnode_64,0.9500768049155146,0.9500768049155146,0.9500768049155146,0.9429564762564673,0.9429564762564673,0.9429564762564673,0.9500768049155146
cnn_epoch_4_language_512_cnode_128,0.8871617838066291,0.8875239923224568,0.8848145390337421,0.8858170490411745,0.8502527482814337,0.864696315008088,0.8875239923224568
cnn_epoch_4_language_512_cnode_128,0.8504208676818381,0.8410748560460652,0.8424154908869466,0.8359744411594697,0.847553123185014,0.8382709673239781,0.8410748560460652
cnn_epoch_4_language_512_cnode_128,0.8099024169400725,0.8084452975047984,0.8046838907469323,0.8117686207087793,0.7880805004557252,0.7950490573938951,0.8084452975047984
cnn_epoch_4_language_512_cnode_128,0.9044002556541564,0.9055662188099808,0.9043668511346857,0.89436733075686,0.8748154947573596,0.8837261203356543,0.9055662188099808
cnn_epoch_4_language_512_cnode_128,0.8763526656649623,0.872552783109405,0.8740537838496547,0.8303521643433602,0.8462986719334029,0.8377122466962997,0.872552783109405
cnn_epoch_4_language_512_cnode_128,0.9560572138523228,0.9570057581573896,0.9563178809278515,0.9248060666585967,0.8984565345949143,0.9109916849100764,0.9570057581573896
cnn_epoch_4_language_512_cnode_128,0.9275656392613556,0.926679462571977,0.9258804528901803,0.9307549015225811,0.9123548843794242,0.9201293392464799,0.926679462571977
cnn_epoch_4_language_512_cnode_128,0.9233686529325379,0.9239923224568138,0.9232780777496504,0.9170508806516231,0.9016572636538136,0.9088074799825179,0.9239923224568138
cnn_epoch_4_language_512_cnode_128,0.8925094047461098,0.8802303262955854,0.8742197913993748,0.9100477208418039,0.8343489215010087,0.8570499913465962,0.8802303262955854
cnn_epoch_4_language_512_cnode_128,0.9463922755926408,0.9466205837173579,0.9463527880338624,0.9430044776129667,0.9342014445903355,0.9384053032333488,0.9466205837173579
cnn_epoch_4_language_512_cnode_256,0.8652049032823322,0.8602687140115163,0.852579508207177,0.8745896340935813,0.7995372386538,0.8233419232334191,0.8602687140115163
cnn_epoch_4_language_512_cnode_256,0.8498094516525244,0.8445297504798465,0.8455736453239046,0.8379651662784193,0.8471836931243123,0.840889975536848,0.8445297504798465
cnn_epoch_4_language_512_cnode_256,0.8166360612410253,0.8138195777351248,0.8096333233536003,0.8198947462635524,0.7921817214573931,0.7999462902678505,0.8138195777351248
cnn_epoch_4_language_512_cnode_256,0.9048215093017744,0.9059500959692899,0.9045235143585987,0.8965735505741106,0.8731985063928764,0.8836719721858952,0.9059500959692899
cnn_epoch_4_language_512_cnode_256,0.8876986883124667,0.8863723608445297,0.8869607069811014,0.8497476364458172,0.8570678707557704,0.853291262165478,0.8863723608445297
cnn_epoch_4_language_512_cnode_256,0.9437726326543358,0.9412667946257197,0.9422694582278464,0.8737230695816617,0.900153755174453,0.8862114477453127,0.9412667946257197
cnn_epoch_4_language_512_cnode_256,0.9304090898454173,0.9289827255278311,0.9280900848613052,0.9349443744474502,0.9135771590372818,0.9224135835353391,0.9289827255278311
cnn_epoch_4_language_512_cnode_256,0.9209949338583937,0.9190019193857966,0.9165855689940129,0.9281542376198865,0.8797733832234695,0.8992255480941765,0.9190019193857966
cnn_epoch_4_language_512_cnode_256,0.9170717415440155,0.9140115163147793,0.9119940855816305,0.9249977248877375,0.8867621349738026,0.9015437943839197,0.9140115163147793
cnn_epoch_4_language_512_cnode_256,0.9485015879286033,0.9481566820276498,0.9475469929328841,0.9508009606016266,0.9300655700577782,0.9394178050026755,0.9481566820276498
cnn_epoch_4_language_128_cnode_64,0.87879069494456,0.874088291746641,0.8679502091151693,0.8886012396694215,0.8189590379556557,0.8423386519404872,0.874088291746641
cnn_epoch_4_language_128_cnode_64,0.861085623618381,0.8575815738963531,0.8583689058992774,0.8508755477041966,0.8587303736451168,0.8537806607787886,0.8575815738963531
cnn_epoch_4_language_128_cnode_64,0.8203989995260552,0.8149712092130518,0.8097596881480555,0.8257266871488596,0.7906705686985784,0.7995288742540669,0.8149712092130518
cnn_epoch_4_language_128_cnode_64,0.8984327983505389,0.8994241842610364,0.8987487135094713,0.8828767870784677,0.8727253797054149,0.8775508519824093,0.8994241842610364
cnn_epoch_4_language_128_cnode_64,0.8745131894951248,0.8756238003838771,0.8750060470791059,0.8395567117716466,0.832876493190467,0.8361184765437507,0.8756238003838771
cnn_epoch_4_language_128_cnode_64,0.9417795259032594,0.9416506717850288,0.941714127602206,0.8823455638693997,0.8840124186871674,0.8831761362563493,0.9416506717850288
cnn_epoch_4_language_128_cnode_64,0.9292750021485662,0.928598848368522,0.92880818188841,0.921893656716418,0.9268711656441718,0.9242377333708603,0.928598848368522
cnn_epoch_4_language_128_cnode_64,0.9099563521933551,0.9067178502879079,0.9031599550329232,0.9194378621072801,0.8596728807109066,0.8823267302161624,0.9067178502879079
cnn_epoch_4_language_128_cnode_64,0.8884592155154392,0.8844529750479846,0.8808005122856553,0.8966080344767272,0.8491641293137695,0.8659420642943985,0.8844529750479846
cnn_epoch_4_language_128_cnode_64,0.9415604640878017,0.9416282642089093,0.9415918646004228,0.9337634501604154,0.9326828452875565,0.933219954648526,0.9416282642089093
cnn_epoch_4_language_128_cnode_128,0.8766361642196575,0.8767754318618042,0.8731334080710502,0.8762012987012987,0.8340452477760729,0.8503888489009765,0.8767754318618042
cnn_epoch_4_language_128_cnode_128,0.856138429897403,0.8541266794625719,0.8547036218061141,0.8473456930830991,0.8528874972124265,0.8496603499410122,0.8541266794625719
cnn_epoch_4_language_128_cnode_128,0.8054127810229574,0.8042226487523992,0.8004054255461481,0.8069452362853161,0.7837831407330402,0.7905750496547811,0.8042226487523992
cnn_epoch_4_language_128_cnode_128,0.9020393821051945,0.9032629558541266,0.9020770453646714,0.891159772187606,0.8724257800215882,0.8809876038271933,0.9032629558541266
cnn_epoch_4_language_128_cnode_128,0.8741623734923791,0.8748560460652591,0.8744869009966533,0.8377734664400491,0.833811323482814,0.8357574308820822,0.8748560460652591
cnn_epoch_4_language_128_cnode_128,0.947770467808393,0.9485604606525911,0.9480994915973853,0.9022224428850936,0.8880573625073921,0.8949439974189696,0.9485604606525911
cnn_epoch_4_language_128_cnode_128,0.9234311646412967,0.9236084452975047,0.9234872964918934,0.9195605369807498,0.9169073462324996,0.918197131980196,0.9236084452975047
cnn_epoch_4_language_128_cnode_128,0.9114250508030561,0.909021113243762,0.9058887495673262,0.9190828770532604,0.8648487045509471,0.885932243880349,0.909021113243762
cnn_epoch_4_language_128_cnode_128,0.9010766466213015,0.8967370441458733,0.8936436059853626,0.9102894092535627,0.8636532446844991,0.8805091718284401,0.8967370441458733
cnn_epoch_4_language_128_cnode_128,0.9377610296551007,0.9377880184331797,0.9371139846595667,0.9375670478126574,0.9189932084302819,0.9274247491638796,0.9377880184331797
cnn_epoch_4_language_128_cnode_256,0.8656601952496494,0.8675623800383877,0.8656477824619917,0.8545876010781671,0.8346370966100798,0.8433580847516031,0.8675623800383877
cnn_epoch_4_language_128_cnode_256,0.8644231499045554,0.8644913627639156,0.8633442522960241,0.8642331283677668,0.8520898223549911,0.8569532082606288,0.8644913627639156
cnn_epoch_4_language_128_cnode_256,0.8027177774791305,0.8038387715930903,0.8026951441739455,0.7988267906632844,0.7919334214279875,0.7947560494816228,0.8038387715930903
cnn_epoch_4_language_128_cnode_256,0.9012553662217403,0.9013435700575816,0.898501482698845,0.9008905852417303,0.8570831598063298,0.8749936748556514,0.9013435700575816
cnn_epoch_4_language_128_cnode_256,0.8676515770324322,0.8595009596928983,0.8623351127108823,0.8130684534660855,0.8394360716054624,0.8243755526083113,0.8595009596928983
cnn_epoch_4_language_128_cnode_256,0.9412623983846954,0.9385796545105566,0.939658253614675,0.8684732447407819,0.895307510348906,0.8811283904647171,0.9385796545105566
cnn_epoch_4_language_128_cnode_256,0.9213497417584698,0.9209213051823416,0.921078649831114,0.9143340928243703,0.9176451156205757,0.915925612583819,0.9209213051823416
cnn_epoch_4_language_128_cnode_256,0.9120606615633705,0.9105566218809981,0.9078434934896171,0.9173879070117741,0.8694717367934198,0.8886239196401848,0.9105566218809981
cnn_epoch_4_language_128_cnode_256,0.8779071837118941,0.8675623800383877,0.860949301870514,0.8927372804910723,0.8205695747987479,0.8419885574556136,0.8675623800383877
cnn_epoch_4_language_128_cnode_256,0.9406803921864806,0.9408602150537635,0.9403690642272974,0.9390260218074789,0.9246739696037487,0.9313318890203215,0.9408602150537635
cnn_epoch_4_language_256_cnode_32,0.7672323748673409,0.7485604606525912,0.754458906540857,0.7150670552108793,0.7363554907243646,0.7215009235832581,0.7485604606525912
cnn_epoch_4_language_256_cnode_32,0.8192239251938783,0.8238003838771593,0.8211621148514183,0.7542662310260841,0.7394729985339541,0.7462675798553824,0.8238003838771593
cnn_epoch_4_language_256_cnode_32,0.799361373019863,0.8153550863723609,0.7970381296218625,0.7535671284615884,0.6685622100225506,0.6921455160669671,0.8153550863723609
cnn_epoch_4_language_256_cnode_32,0.7847195698241038,0.7880998080614203,0.7769881576048929,0.7791486771906806,0.7255623989519424,0.7403624482154929,0.7880998080614203
cnn_epoch_4_language_256_cnode_32,0.8328829936121946,0.8399232245681382,0.8328222377723475,0.8028556998370127,0.7532843485378053,0.7722493906753676,0.8399232245681382
cnn_epoch_4_language_256_cnode_32,0.8361906651613658,0.8245681381957773,0.8217820280279268,0.8394889498407894,0.8183792954188507,0.8202007222569845,0.8245681381957773
cnn_epoch_4_language_256_cnode_32,0.8644235857167489,0.8671785028790787,0.8650455717108738,0.8418529429653763,0.8205584365064741,0.8300959709975766,0.8671785028790787
cnn_epoch_4_language_256_cnode_32,0.8533904739113847,0.8257197696737044,0.8304368403787217,0.8076934167305443,0.8433551198257081,0.8148567345829529,0.8257197696737044
cnn_epoch_4_language_256_cnode_32,0.8934257335270511,0.8944337811900192,0.8937814326859034,0.8759149700913003,0.8667349437336298,0.871117583042915,0.8944337811900192
cnn_epoch_4_language_256_cnode_32,0.8924200254845415,0.8824884792626728,0.8850299557857834,0.8513395388395388,0.8832070707070707,0.8640050136400501,0.8824884792626728
cnn_epoch_4_language_256_cnode_64,0.7170680556446579,0.7343570057581574,0.7137529052828755,0.689128886261895,0.6375122591557987,0.6471599138774712,0.7343570057581574
cnn_epoch_4_language_256_cnode_64,0.811912952193754,0.8168905950095969,0.8140294941438655,0.7440315683031906,0.7292337642420015,0.735994370531466,0.8168905950095969
cnn_epoch_4_language_256_cnode_64,0.7800270225287096,0.799616122840691,0.7819714409586248,0.7186799070427499,0.6525082115303502,0.6714558664919341,0.799616122840691
cnn_epoch_4_language_256_cnode_64,0.7979612160891445,0.8,0.7987685507158397,0.7766534378988615,0.769920761137264,0.7730282571420497,0.8
cnn_epoch_4_language_256_cnode_64,0.8307395253562455,0.837619961612284,0.8265568089659755,0.8100166948315415,0.7350210343744537,0.7599157330728079,0.837619961612284
cnn_epoch_4_language_256_cnode_64,0.8135768951335758,0.7838771593090211,0.7759499987690632,0.8187867533271433,0.7740813101973623,0.7731688708469301,0.7838771593090211
cnn_epoch_4_language_256_cnode_64,0.8836035436683833,0.8833013435700576,0.8834470215467699,0.8547182509367384,0.8564939119803686,0.8555982483319184,0.8833013435700576
cnn_epoch_4_language_256_cnode_64,0.8606933604590381,0.8472168905950096,0.8502733844821263,0.8248221686150801,0.8520294955589073,0.8340020493771815,0.8472168905950096
cnn_epoch_4_language_256_cnode_64,0.8931791812701061,0.8936660268714012,0.8933968642085872,0.8730125384780021,0.8692546305644269,0.8710977728354703,0.8936660268714012
cnn_epoch_4_language_256_cnode_64,0.8855187629508864,0.8870967741935484,0.8859196363740286,0.8682868801810165,0.8532347282347282,0.8602109463957177,0.8870967741935484
cnn_epoch_4_language_256_cnode_128,0.7523270296451844,0.7297504798464491,0.7367174076622525,0.6970591886774884,0.7186348121456553,0.702607053158146,0.7297504798464491
cnn_epoch_4_language_256_cnode_128,0.8075322640013692,0.8088291746641075,0.8081610948471699,0.7323654835068356,0.7291397657954495,0.7307195094005001,0.8088291746641075
cnn_epoch_4_language_256_cnode_128,0.8006151623054494,0.8057581573896353,0.8028678257043457,0.7254524320646906,0.7124150202091657,0.7183858391530702,0.8057581573896353
cnn_epoch_4_language_256_cnode_128,0.7780794536482484,0.7823416506717851,0.7709867086210274,0.7710279037463741,0.7192470192888596,0.7334145644607981,0.7823416506717851
cnn_epoch_4_language_256_cnode_128,0.8072958833834505,0.8130518234165067,0.7887227175556474,0.7965056182182375,0.6713129503359775,0.6975065123959061,0.8130518234165067
cnn_epoch_4_language_256_cnode_128,0.8137151016544891,0.7869481765834933,0.7797942242178575,0.8186458510096725,0.777596765190077,0.7771585575568338,0.7869481765834933
cnn_epoch_4_language_256_cnode_128,0.8581726997492914,0.8610364683301344,0.8589431734078615,0.8332882863990878,0.8137779649664669,0.8225642449859407,0.8610364683301344
cnn_epoch_4_language_256_cnode_128,0.8544693044488312,0.8437619961612284,0.8465055231624385,0.8205877869653331,0.8440053628288923,0.829142642490445,0.8437619961612284
cnn_epoch_4_language_256_cnode_128,0.8759604371241551,0.8760076775431862,0.8759839106289159,0.8505214714759586,0.8502528218501781,0.8503869439597607,0.8760076775431862
cnn_epoch_4_language_256_cnode_128,0.8881877544745087,0.8897849462365591,0.8885127315397201,0.872331996254881,0.8555194805194806,0.8632534870133921,0.8897849462365591
cnn_epoch_4_language_512_cnode_32,0.6970920903471872,0.7182341650671785,0.6717074988430048,0.6763485269562433,0.5849576714766636,0.5804081478594577,0.7182341650671785
cnn_epoch_4_language_512_cnode_32,0.8129174352761069,0.8214971209213052,0.815730280753563,0.7526429770313046,0.721914253627598,0.734703263851246,0.8214971209213052
cnn_epoch_4_language_512_cnode_32,0.7920052648784224,0.8072936660268714,0.79499381679588,0.7303684062253362,0.6778838329995582,0.6958174462724256,0.8072936660268714
cnn_epoch_4_language_512_cnode_32,0.7696200537690513,0.7758157389635316,0.769280044629647,0.7534319372700583,0.7253826110751976,0.735127056555628,0.7758157389635316
cnn_epoch_4_language_512_cnode_32,0.8026622636620558,0.8134357005758157,0.7967173946196677,0.7763294976670773,0.6912360383275854,0.7149905989648055,0.8134357005758157
cnn_epoch_4_language_512_cnode_32,0.846163456482444,0.8449136276391555,0.8443758146761787,0.8471203566905867,0.8423319914091623,0.8435522885766205,0.8449136276391555
cnn_epoch_4_language_512_cnode_32,0.8582928228958573,0.8618042226487524,0.8582852750925642,0.8392948251761844,0.8063434298232529,0.8202076067251327,0.8618042226487524
cnn_epoch_4_language_512_cnode_32,0.8589633381316825,0.8472168905950096,0.8500567989166625,0.8244486140385368,0.8496028154851685,0.8333677272861693,0.8472168905950096
cnn_epoch_4_language_512_cnode_32,0.8972493717813036,0.8986564299424185,0.8971225439512625,0.886725749284633,0.8639795694918821,0.8741781660002224,0.8986564299424185
cnn_epoch_4_language_512_cnode_32,0.9005806298138491,0.8936251920122887,0.8955237322930751,0.8644123532457355,0.891444203944204,0.8757789133728984,0.8936251920122887
cnn_epoch_4_language_512_cnode_64,0.7645742476652475,0.7439539347408829,0.7503004344316021,0.711188149544314,0.7333571629283129,0.7174381925775639,0.7439539347408829
cnn_epoch_4_language_512_cnode_64,0.8142047668109572,0.8207293666026871,0.8167262847400913,0.7502912575835179,0.7288689018507799,0.7382997090940224,0.8207293666026871
cnn_epoch_4_language_512_cnode_64,0.7870642605883147,0.7800383877159309,0.7832091692389263,0.6940708677585556,0.7056000312187605,0.6992731979792588,0.7800383877159309
cnn_epoch_4_language_512_cnode_64,0.7875528633777193,0.7923224568138196,0.7848210369769741,0.7770719875450582,0.7395025692480769,0.7518532585145302,0.7923224568138196
cnn_epoch_4_language_512_cnode_64,0.8044483476729528,0.8019193857965451,0.7649809363251475,0.8082033833562638,0.6348250023595013,0.6552875501612545,0.8019193857965451
cnn_epoch_4_language_512_cnode_64,0.7945005471386668,0.7800383877159309,0.7752212253121221,0.7978966133289898,0.7725338004049426,0.7729588519148063,0.7800383877159309
cnn_epoch_4_language_512_cnode_64,0.8481211123788928,0.8502879078694817,0.841449873467462,0.8423143029683653,0.7694127832325732,0.7940796610416838,0.8502879078694817
cnn_epoch_4_language_512_cnode_64,0.8569081974184788,0.8307101727447217,0.8352129395305767,0.8121738345321576,0.8476654935478465,0.8198355661675625,0.8307101727447217
cnn_epoch_4_language_512_cnode_64,0.8917744038761529,0.8882917466410749,0.8894949980594361,0.8610299625468165,0.8769381112586774,0.8682507066237799,0.8882917466410749
cnn_epoch_4_language_512_cnode_64,0.8976938458487573,0.8870967741935484,0.8896583047403385,0.8563652663934427,0.8903619528619529,0.869678366475377,0.8870967741935484
cnn_epoch_4_language_512_cnode_128,0.7615592785670114,0.7424184261036468,0.7485109561752599,0.7086813369852583,0.7295196339333432,0.7148488766175769,0.7424184261036468
cnn_epoch_4_language_512_cnode_128,0.7984175704231498,0.8142034548944338,0.7949719870291456,0.7555305288224543,0.6666938767433002,0.6904760034329909,0.8142034548944338
cnn_epoch_4_language_512_cnode_128,0.7899759519146929,0.8057581573896353,0.7930056530261964,0.7277781028097934,0.6745560459779276,0.6924901270604396,0.8057581573896353
cnn_epoch_4_language_512_cnode_128,0.7724866166463096,0.7777351247600768,0.766731577249678,0.7634545454545454,0.7154975827784366,0.7288599297942093,0.7777351247600768
cnn_epoch_4_language_512_cnode_128,0.813933095229943,0.8195777351247601,0.8159696523393405,0.7654578431602628,0.745018357694218,0.7539983926059874,0.8195777351247601
cnn_epoch_4_language_512_cnode_128,0.811762889156162,0.8026871401151632,0.7998492044266793,0.8144967725762988,0.796754368743732,0.7981394644832073,0.8026871401151632
cnn_epoch_4_language_512_cnode_128,0.864456985339069,0.8595009596928983,0.8613346650763518,0.8226587396320272,0.839969391724505,0.8304043698583936,0.8595009596928983
cnn_epoch_4_language_512_cnode_128,0.8380894088006666,0.8399232245681382,0.8387050587334118,0.8204340548691573,0.8108228590581532,0.8152488868094252,0.8399232245681382
cnn_epoch_4_language_512_cnode_128,0.873567505611795,0.8694817658349329,0.8709508577978899,0.839189835770541,0.8548243755527811,0.8462287946087541,0.8694817658349329
cnn_epoch_4_language_512_cnode_128,0.8572947367004455,0.858678955453149,0.8518904698116166,0.8533583646224447,0.7910052910052909,0.8132809577254021,0.858678955453149
cnn_epoch_5_language_256_cnode_32,0.7715620420675924,0.7424184261036468,0.7500995956435753,0.7145995199562443,0.7421207375328518,0.7200732056238548,0.7424184261036468
cnn_epoch_5_language_256_cnode_32,0.8046592533166739,0.818809980806142,0.8043841140512957,0.7577933915598876,0.6863275961299026,0.7088299204513377,0.818809980806142
cnn_epoch_5_language_256_cnode_32,0.7935381204737444,0.8015355086372361,0.7967545474619336,0.7187358831845524,0.6986040398404523,0.707318700409276,0.8015355086372361
cnn_epoch_5_language_256_cnode_32,0.8041054408365326,0.8076775431861805,0.8011736304706046,0.7958316794482942,0.7581373843772267,0.7710446942692624,0.8076775431861805
cnn_epoch_5_language_256_cnode_32,0.8350629878519459,0.835700575815739,0.8172584059425363,0.8337388468356368,0.7091496821248818,0.7406571055868489,0.835700575815739
cnn_epoch_5_language_256_cnode_32,0.8465788217533927,0.835700575815739,0.8333053473313958,0.8498290293811064,0.8298298034893182,0.8318740522614836,0.835700575815739
cnn_epoch_5_language_256_cnode_32,0.8860067771148732,0.8863723608445297,0.8861797857554256,0.8597989934951162,0.8573680685344588,0.8585693323550991,0.8863723608445297
cnn_epoch_5_language_256_cnode_32,0.8694619403971652,0.8495201535508637,0.8531509411447917,0.8291777504509534,0.8628389475448299,0.8384819109103954,0.8495201535508637
cnn_epoch_5_language_256_cnode_32,0.9117769257729441,0.9117082533589251,0.9117419680604166,0.8932868782983145,0.8938880531011202,0.8935866013071896,0.9117082533589251
cnn_epoch_5_language_256_cnode_32,0.9159496011666316,0.9155145929339478,0.9157096142639624,0.8961567265795207,0.8998316498316499,0.8979626732326211,0.9155145929339478
cnn_epoch_5_language_256_cnode_64,0.7607379002559834,0.7593090211132437,0.7599899000112595,0.7191743275451141,0.7216686088475291,0.7203787688266929,0.7593090211132437
cnn_epoch_5_language_256_cnode_64,0.8108314841376348,0.8172744721689059,0.8133820036144727,0.7449329815530894,0.7248962306622933,0.7337581248024625,0.8172744721689059
cnn_epoch_5_language_256_cnode_64,0.809124501100978,0.8107485604606526,0.8099056024735012,0.7331726583802004,0.7290547856035019,0.7310609320752766,0.8107485604606526
cnn_epoch_5_language_256_cnode_64,0.7971142217733241,0.799616122840691,0.7899581346631694,0.792720514366084,0.740742246317323,0.7560364302855633,0.799616122840691
cnn_epoch_5_language_256_cnode_64,0.8534176561050395,0.8583493282149712,0.851556190880739,0.8337064760681738,0.775009167243004,0.7972538163410583,0.8583493282149712
cnn_epoch_5_language_256_cnode_64,0.8718810152341608,0.8714011516314779,0.8711591643820265,0.8724592115423113,0.869664727893731,0.8705760147808888,0.8714011516314779
cnn_epoch_5_language_256_cnode_64,0.8876519017758234,0.8894433781190019,0.8880483162732895,0.8693052645827373,0.8511133339767945,0.859474460254858,0.8894433781190019
cnn_epoch_5_language_256_cnode_64,0.8743461355858623,0.872936660268714,0.873508325653725,0.8537723426500681,0.8601977543154014,0.856819384575174,0.872936660268714
cnn_epoch_5_language_256_cnode_64,0.9096887467605488,0.909021113243762,0.909310642825054,0.8885404733023339,0.8935183473584525,0.8909680922926131,0.909021113243762
cnn_epoch_5_language_256_cnode_64,0.9201038402337581,0.9205069124423964,0.9202693074886832,0.9054320118393344,0.9006132756132756,0.9029716668583732,0.9205069124423964
cnn_epoch_5_language_256_cnode_128,0.7439167307412906,0.7416506717850287,0.7427137598688347,0.6990940845864304,0.7023986622368414,0.7006579952734708,0.7416506717850287
cnn_epoch_5_language_256_cnode_128,0.8064325325158995,0.8168905950095969,0.8094459021695408,0.7463202807442753,0.7091622099859332,0.7238626977024504,0.8168905950095969
cnn_epoch_5_language_256_cnode_128,0.8139628523891375,0.8084452975047984,0.8109129447959562,0.7316104108707584,0.7438662608227804,0.7372510479982068,0.8084452975047984
cnn_epoch_5_language_256_cnode_128,0.8044776600777258,0.8046065259117082,0.7936652361748631,0.8042753926423359,0.7422314451640366,0.7593184035577338,0.8046065259117082
cnn_epoch_5_language_256_cnode_128,0.8484746079472574,0.8537428023032629,0.8490465428596152,0.8188468423433493,0.7802708552844322,0.7962240140730991,0.8537428023032629
cnn_epoch_5_language_256_cnode_128,0.8362253658969669,0.8272552783109405,0.8250007736020079,0.8390918938864145,0.8217052292466933,0.8235598510271684,0.8272552783109405
cnn_epoch_5_language_256_cnode_128,0.8820222935245355,0.8840690978886756,0.8824369816015872,0.8630893531562391,0.8431885253333568,0.8522428302904546,0.8840690978886756
cnn_epoch_5_language_256_cnode_128,0.8733884672774467,0.854510556621881,0.857951407179446,0.8340232388366932,0.8674526562761857,0.8436013161444401,0.854510556621881
cnn_epoch_5_language_256_cnode_128,0.9063154778257964,0.9071017274472168,0.906585236422458,0.8911942127852607,0.8825889213408373,0.8867187780772686,0.9071017274472168
cnn_epoch_5_language_256_cnode_128,0.901135916714864,0.8928571428571429,0.8949835681229983,0.863150954308849,0.8932479557479558,0.8754704892127936,0.8928571428571429
cnn_epoch_5_language_512_cnode_32,0.7449834932853159,0.744721689059501,0.744851571318467,0.7018294300634943,0.702240601773032,0.7020337199460116,0.744721689059501
cnn_epoch_5_language_512_cnode_32,0.8019350776029295,0.8157389635316699,0.8036719118954169,0.7485983961393798,0.6906337968940934,0.7104204184174838,0.8157389635316699
cnn_epoch_5_language_512_cnode_32,0.8036235332120237,0.8072936660268714,0.8052993566890327,0.727900057635092,0.7186550360178146,0.7230047684246914,0.8072936660268714
cnn_epoch_5_language_512_cnode_32,0.8018251330306009,0.8057581573896353,0.8020784159120589,0.7870417914705463,0.7660397886434873,0.7744157979622069,0.8057581573896353
cnn_epoch_5_language_512_cnode_32,0.8208892756802295,0.8284069097888676,0.8140511678948182,0.8015473466274381,0.7140802663683639,0.7401801235736163,0.8284069097888676
cnn_epoch_5_language_512_cnode_32,0.882122432709904,0.8817658349328215,0.8818271139242044,0.8812487681560521,0.8820400755955873,0.8815268468664283,0.8817658349328215
cnn_epoch_5_language_512_cnode_32,0.8814291127593659,0.8833013435700576,0.8819409563174587,0.8607805671837555,0.8443328624367873,0.8519339528803251,0.8833013435700576
cnn_epoch_5_language_512_cnode_32,0.8733879058263418,0.872936660268714,0.8731453766411997,0.8548253044784707,0.8571644042232278,0.8559737114503284,0.872936660268714
cnn_epoch_5_language_512_cnode_32,0.9122700845548213,0.9059500959692899,0.9075664588888563,0.8792282024838637,0.9062771058296908,0.8906652660308644,0.9059500959692899
cnn_epoch_5_language_512_cnode_32,0.9096093988071917,0.9086021505376344,0.9090175104540026,0.8866945006747639,0.8937890812890813,0.8901186342592593,0.9086021505376344
cnn_epoch_5_language_512_cnode_64,0.7701254521169566,0.7228406909788867,0.7326999246159233,0.7058883246917491,0.7381475313641548,0.7059120617944148,0.7228406909788867
cnn_epoch_5_language_512_cnode_64,0.7969453470923293,0.8126679462571977,0.7891546123908637,0.75975123920401,0.6536499431886582,0.6779061518191953,0.8126679462571977
cnn_epoch_5_language_512_cnode_64,0.7926337782216677,0.8084452975047984,0.7950690732423,0.7333194425151641,0.675720107206552,0.6947116259680478,0.8084452975047984
cnn_epoch_5_language_512_cnode_64,0.8166255537120151,0.819961612284069,0.8159508574260439,0.8057133315889222,0.7795595725807625,0.7897125603777426,0.819961612284069
cnn_epoch_5_language_512_cnode_64,0.8318482562374394,0.837619961612284,0.8246145671474977,0.8165013157951223,0.7281382528549967,0.7554519882155162,0.837619961612284
cnn_epoch_5_language_512_cnode_64,0.8491804007189167,0.8449136276391555,0.8437752388750419,0.8511404496024322,0.8409411839839537,0.8427293441980126,0.8449136276391555
cnn_epoch_5_language_512_cnode_64,0.8838777846531636,0.8856046065259117,0.8819868001126547,0.8761408132154991,0.8312548807988278,0.84956786295636,0.8856046065259117
cnn_epoch_5_language_512_cnode_64,0.8752669724456357,0.8763915547024952,0.8755986819327266,0.8625451356649128,0.8533584715937657,0.8576599355167147,0.8763915547024952
cnn_epoch_5_language_512_cnode_64,0.9061366397073036,0.9059500959692899,0.9060395268199389,0.8860458791232141,0.8875170277933402,0.8867761215900891,0.9059500959692899
cnn_epoch_5_language_512_cnode_64,0.9121638856322263,0.9120583717357911,0.9121097230658051,0.8929603564810351,0.8938792688792689,0.8934178389406772,0.9120583717357911
cnn_epoch_5_language_512_cnode_128,0.7661561589284986,0.7385796545105566,0.7461482024750927,0.7095728334734268,0.7355920483534163,0.7150888915334904,0.7385796545105566
cnn_epoch_5_language_512_cnode_128,0.8008429131112957,0.8153550863723609,0.8018091741307387,0.7496083115728651,0.6852222898351399,0.7061626567292352,0.8153550863723609
cnn_epoch_5_language_512_cnode_128,0.7933800267671266,0.8065259117082534,0.7970383741949318,0.7275097532942663,0.6867039631220089,0.7019596946864325,0.8065259117082534
cnn_epoch_5_language_512_cnode_128,0.7919892891244865,0.7930902111324376,0.780687309412388,0.7903455780429288,0.7273348298030133,0.7436514669939819,0.7930902111324376
cnn_epoch_5_language_512_cnode_128,0.8269582767222354,0.8341650671785029,0.8221032689280943,0.8063280274656679,0.7277827804364072,0.7530467573232775,0.8341650671785029
cnn_epoch_5_language_512_cnode_128,0.859550692743599,0.8564299424184261,0.8556059374806815,0.8612372747208064,0.853015840539671,0.8547152850847368,0.8564299424184261
cnn_epoch_5_language_512_cnode_128,0.8765798368431187,0.8790786948176583,0.8766750509402331,0.8597198950972536,0.8321754689222904,0.8442399976766262,0.8790786948176583
cnn_epoch_5_language_512_cnode_128,0.8800953643208415,0.8717850287907869,0.873821675099437,0.8502507069609235,0.8732964638846992,0.8591933821682605,0.8717850287907869
cnn_epoch_5_language_512_cnode_128,0.9124038665700055,0.909404990403071,0.9103661102259566,0.8854889529717678,0.9022128310643829,0.8931140094051604,0.909404990403071
cnn_epoch_5_language_512_cnode_128,0.9163878077746144,0.9074500768049155,0.9094392548096008,0.8791358909085418,0.9132996632996633,0.8928577099155839,0.9074500768049155
cnn_epoch_6_language_256_cnode_32,0.7331060719687807,0.7293666026871402,0.7310708475693225,0.6856915191541316,0.6904298004925702,0.687852945300649,0.7293666026871402
cnn_epoch_6_language_256_cnode_32,0.8035176184944404,0.818042226487524,0.7986019627083637,0.7649608823906631,0.6703433252032922,0.6953904859266393,0.818042226487524
cnn_epoch_6_language_256_cnode_32,0.8383307752087338,0.8145873320537428,0.8223356697717021,0.7463085355776502,0.7915417085961189,0.7622753503335985,0.8145873320537428
cnn_epoch_6_language_256_cnode_32,0.8174600893798772,0.8157389635316699,0.805369833363335,0.8201517040731505,0.7545733541146967,0.7729379189317187,0.8157389635316699
cnn_epoch_6_language_256_cnode_32,0.8654927535488108,0.8687140115163148,0.8616877799104287,0.8537277567766919,0.7849248750237885,0.8103639846743295,0.8687140115163148
cnn_epoch_6_language_256_cnode_32,0.8840730368601565,0.8825335892514395,0.8821380621678168,0.8852767538733555,0.8801155931273299,0.8815195251327894,0.8825335892514395
cnn_epoch_6_language_256_cnode_32,0.9087254348066144,0.9071017274472168,0.9077354563448814,0.8813373121414839,0.8918890263555824,0.8863564255913194,0.9071017274472168
cnn_epoch_6_language_256_cnode_32,0.89478173728389,0.8852207293666027,0.8872362442888675,0.8645274989442224,0.8911546840958606,0.8744807127878208,0.8852207293666027
cnn_epoch_6_language_256_cnode_32,0.9257252810098084,0.9193857965451055,0.9208286467721533,0.8941159070816371,0.9234399839604586,0.906440223674651,0.9193857965451055
cnn_epoch_6_language_256_cnode_32,0.9199257512667436,0.9205069124423964,0.9191094962284939,0.9160082944530845,0.8877164502164503,0.900270255418846,0.9205069124423964
mlp_epoch_4_language_256_contents_node_64,0.7449306170870506,0.7543186180422264,0.7471535743249342,0.7122378954508919,0.6887624175606208,0.6972505585756249,0.7543186180422264
mlp_epoch_4_language_256_contents_node_64,0.8028890638180981,0.817658349328215,0.800646724496998,0.759547131023641,0.6769747506979796,0.7008021247492227,0.817658349328215
mlp_epoch_4_language_256_contents_node_64,0.7849914994051849,0.7481765834932822,0.7608111357135025,0.6736739842663928,0.7128488447398049,0.6844047703472567,0.7481765834932822
mlp_epoch_4_language_256_contents_node_64,0.7915647217163819,0.7942418426103647,0.7836733272455223,0.7870836814700082,0.7330163250036024,0.7482935707311866,0.7942418426103647
mlp_epoch_4_language_256_contents_node_64,0.7610399111524782,0.7792706333973128,0.7421837901424352,0.7321480807619734,0.6117370881122907,0.6246342196263521,0.7792706333973128
mlp_epoch_4_language_256_contents_node_64,0.7321044844785022,0.7071017274472169,0.6939975481908521,0.7360396079084797,0.6960175128200277,0.6898726780609044,0.7071017274472169
mlp_epoch_4_language_256_contents_node_64,0.871835815670994,0.8744721689059501,0.8721708268803535,0.8526972260476097,0.8277191350712634,0.8387576711416295,0.8744721689059501
mlp_epoch_4_language_256_contents_node_64,0.9241634016731156,0.9220729366602687,0.9226737571749253,0.9069645758856029,0.9197184514831573,0.9127875287064868,0.9220729366602687
mlp_epoch_4_language_256_contents_node_64,0.9172925490351068,0.9178502879078695,0.9174942219379544,0.903640622535892,0.8967020825808873,0.9000631742289302,0.9178502879078695
mlp_epoch_4_language_256_contents_node_64,0.9394620951683679,0.9374039938556068,0.9356072187698872,0.9484518817025085,0.8996212121212122,0.9199105916210402,0.9374039938556068
mlp_epoch_4_language_256_contents_node_128,0.706117084379904,0.7259117082533589,0.7022699783025359,0.6764551404240754,0.6235578274021059,0.631416430055978,0.7259117082533589
mlp_epoch_4_language_256_contents_node_128,0.8132606283449146,0.8218809980806142,0.8160607330968274,0.7533059568331255,0.7221645038778481,0.7351008471723519,0.8218809980806142
mlp_epoch_4_language_256_contents_node_128,0.7873890098864391,0.7773512476007678,0.7817133106304628,0.6922337363270006,0.7079306445345581,0.699010953459352,0.7773512476007678
mlp_epoch_4_language_256_contents_node_128,0.8235031090557552,0.8264875239923225,0.822587372282196,0.813815065113944,0.7867358849992134,0.7972659327702386,0.8264875239923225
mlp_epoch_4_language_256_contents_node_128,0.8286677924277978,0.835700575815739,0.8240277716401513,0.8081662610377214,0.7307812811860324,0.7559721105980778,0.835700575815739
mlp_epoch_4_language_256_contents_node_128,0.7874548081022759,0.7719769673704414,0.7665617505416376,0.7909231657052935,0.7641206572747743,0.7641348088531187,0.7719769673704414
mlp_epoch_4_language_256_contents_node_128,0.8871031831330798,0.8890595009596929,0.8873608395670947,0.8703576865127431,0.8483307302406252,0.8582807706520181,0.8890595009596929
mlp_epoch_4_language_256_contents_node_128,0.9271318616470067,0.926295585412668,0.926596385959097,0.9136170403599273,0.9204256745433217,0.916874082583445,0.926295585412668
mlp_epoch_4_language_256_contents_node_128,0.9117453960959806,0.9040307101727447,0.9058819614419222,0.876538969234434,0.9068334418751476,0.888985371468158,0.9040307101727447
mlp_epoch_4_language_256_contents_node_128,0.9451054690211328,0.9443164362519201,0.9431750797412877,0.9497378549565112,0.9142616642616642,0.9297733452293468,0.9443164362519201
mlp_epoch_4_language_256_contents_node_256,0.7413421703690034,0.744721689059501,0.7428386903352779,0.7005818778701979,0.6947480536868378,0.6974170869631668,0.744721689059501
mlp_epoch_4_language_256_contents_node_256,0.8086481084481547,0.8191938579654511,0.7924632927573885,0.7863545862922898,0.6527429406342091,0.6794474380327227,0.8191938579654511
mlp_epoch_4_language_256_contents_node_256,0.8862347378662547,0.8882917466410749,0.8870287417680077,0.8472349633923018,0.8318741053666379,0.8391369623919744,0.8882917466410749
mlp_epoch_4_language_256_contents_node_256,0.9616059779865292,0.9612284069097888,0.9608889600283225,0.96444438511606,0.948450783729726,0.9557853463894321,0.9612284069097888
mlp_epoch_4_language_256_contents_node_256,0.9939082584668095,0.9938579654510556,0.9938333094555207,0.9959058341862845,0.9880059970014993,0.9918746988102126,0.9938579654510556
mlp_epoch_4_language_256_contents_node_256,0.9973264607386374,0.9973128598848369,0.9973124315197557,0.997469269703543,0.9971521562245729,0.9973034358530496,0.9973128598848369
mlp_epoch_4_language_256_contents_node_256,0.9996163273570252,0.999616122840691,0.9996160422479281,0.9997336174746936,0.9993141289437586,0.9995236023489604,0.999616122840691
mlp_epoch_4_language_256_contents_node_256,0.9977048502091509,0.9976967370441459,0.9976981265065585,0.9967870484179666,0.9979872632813809,0.9973837606356909,0.9976967370441459
mlp_epoch_4_language_256_contents_node_256,0.997704219219422,0.9976967370441459,0.9976940706910256,0.9983757444504602,0.9960732984293194,0.997215460305968,0.9976967370441459
mlp_epoch_4_language_256_contents_node_256,0.9984639016897081,0.9984639016897081,0.9984639016897081,0.9981361231361231,0.9981361231361231,0.9981361231361231,0.9984639016897081
mlp_epoch_4_language_256_contents_node_512,0.7024794619089767,0.7140115163147792,0.7062901794669567,0.6596027633851468,0.6431996809864626,0.6488736220045771,0.7140115163147792
mlp_epoch_4_language_256_contents_node_512,0.9893817212145456,0.9892514395393474,0.9892878550174308,0.9818308124561754,0.9884052091630345,0.9850666941829307,0.9892514395393474
mlp_epoch_4_language_256_contents_node_512,0.9992347921301998,0.9992322456813819,0.999232691699979,0.9983416252072969,0.999500998003992,0.9989198096542894,0.9992322456813819
mlp_epoch_4_language_256_contents_node_512,0.9977046930474476,0.9976967370441459,0.9976947629024134,0.9982728842832469,0.9965675057208239,0.9974127896583095,0.9976967370441459
mlp_epoch_4_language_256_contents_node_512,1.0,1.0,1.0,1.0,1.0,1.0,1.0
mlp_epoch_4_language_256_contents_node_512,0.9984644913627639,0.9984644913627639,0.9984644913627639,0.9984595861638315,0.9984595861638315,0.9984595861638315,0.9984644913627639
